account_id,calculated_closing_balance,reported_closing_balance,difference,status
A000001,16720.34,16720.34,0.0,PASS
A000002,16473.05,16473.05,0.0,PASS
A000003,7504.08,7504.08,0.0,PASS
A000004,11374.45,11374.45,0.0,PASS
A000005,16293.63,16293.63,0.0,PASS
A000006,8030.79,8030.79,0.0,PASS
A000007,2562.23,2562.23,0.0,PASS
A000008,12871.85,12871.85,0.0,PASS
A000009,19409.5,19409.5,0.0,PASS
A000010,14862.64,14862.64,0.0,PASS
A000011,2482.35,2482.35,0.0,PASS
A000012,18366.37,18366.37,0.0,PASS
A000013,19808.28,19808.28,0.0,PASS
A000014,3059.8,3059.8,0.0,PASS
A000015,-1851.26,-1851.26,0.0,PASS
A000016,12287.97,12287.97,0.0,PASS
A000017,-2188.53,-2188.53,0.0,PASS
A000018,10273.31,10273.31,0.0,PASS
A000019,2450.72,2450.72,0.0,PASS
A000020,22053.23,22053.23,0.0,PASS
A000021,11762.92,11762.92,0.0,PASS
A000022,6023.74,6023.74,0.0,PASS
A000023,16210.69,16210.69,0.0,PASS
A000024,11804.33,11804.33,0.0,PASS
A000025,24159.22,24159.22,0.0,PASS
A000026,11845.3,11845.3,0.0,PASS
A000027,5736.88,5736.88,0.0,PASS
A000028,19344.19,19344.19,0.0,PASS
A000029,13523.17,13523.17,0.0,PASS
A000030,23504.86,23504.86,0.0,PASS
A000031,9244.95,9244.95,0.0,PASS
A000032,26078.02,26078.02,0.0,PASS
A000033,6043.14,6043.14,0.0,PASS
A000034,14601.41,14601.41,0.0,PASS
A000035,22315.81,22315.81,0.0,PASS
A000036,4706.42,4706.42,0.0,PASS
A000037,6006.52,6006.52,0.0,PASS
A000038,11447.19,11447.19,0.0,PASS
A000039,19415.49,19415.49,0.0,PASS
A000040,9964.79,9964.79,0.0,PASS
A000041,19324.78,19324.78,0.0,PASS
A000042,3853.23,3853.23,0.0,PASS
A000043,11756.53,11756.53,0.0,PASS
A000044,10408.07,10408.07,0.0,PASS
A000045,-1631.27,-1631.27,0.0,PASS
A000046,22107.79,22107.79,0.0,PASS
A000047,3114.68,3114.68,0.0,PASS
A000048,16099.59,16099.59,0.0,PASS
A000049,8181.29,8181.29,0.0,PASS
A000050,10943.57,10943.57,0.0,PASS
A000051,5373.41,5373.41,0.0,PASS
A000052,12500.49,12500.49,0.0,PASS
A000053,12681.6,12681.6,0.0,PASS
A000054,6023.69,6023.69,0.0,PASS
A000055,3668.13,3668.13,0.0,PASS
A000056,9766.58,9766.58,0.0,PASS
A000057,17815.4,17815.4,0.0,PASS
A000058,14808.02,14808.02,0.0,PASS
A000059,10668.31,10668.31,0.0,PASS
A000060,19844.3,19844.3,0.0,PASS
A000061,8569.16,8569.16,0.0,PASS
A000062,17174.44,17174.44,0.0,PASS
A000063,-693.63,-693.63,0.0,PASS
A000064,8149.99,8149.99,0.0,PASS
A000065,8137.69,8137.69,0.0,PASS
A000066,18104.96,18104.96,0.0,PASS
A000067,8605.61,8605.61,0.0,PASS
A000068,14773.57,14773.57,0.0,PASS
A000069,2685.93,2685.93,0.0,PASS
A000070,787.87,787.87,0.0,PASS
A000071,11242.4,11242.4,0.0,PASS
A000072,9210.26,9210.26,0.0,PASS
A000073,7101.4,7101.4,0.0,PASS
A000074,10330.65,10330.65,0.0,PASS
A000075,16687.45,16687.45,0.0,PASS
A000076,9340.71,9340.71,0.0,PASS
A000077,17217.69,17217.69,0.0,PASS
A000078,14206.91,14206.91,0.0,PASS
A000079,14697.23,14697.23,0.0,PASS
A000080,19729.91,19729.91,0.0,PASS
A000081,11690.82,11690.82,0.0,PASS
A000082,14512.1,14512.1,0.0,PASS
A000083,3355.11,3355.11,0.0,PASS
A000084,6425.9,6425.9,0.0,PASS
A000085,7632.59,7632.59,0.0,PASS
A000086,15435.51,15435.51,0.0,PASS
A000087,15511.52,15511.52,0.0,PASS
A000088,11883.75,11883.75,0.0,PASS
A000089,4471.61,4471.61,0.0,PASS
A000090,18190.47,18190.47,0.0,PASS
A000091,20007.8,20007.8,0.0,PASS
A000092,15983.43,15983.43,0.0,PASS
A000093,4217.66,4217.66,0.0,PASS
A000094,6874.54,6874.54,0.0,PASS
A000095,11299.38,11299.38,0.0,PASS
A000096,22559.93,22559.93,0.0,PASS
A000097,11524.44,11524.44,0.0,PASS
A000098,12513.39,12513.39,0.0,PASS
A000099,13872.04,13872.04,0.0,PASS
A000100,3532.36,3532.36,0.0,PASS
A000101,3102.47,3102.47,0.0,PASS
A000102,11943.5,11943.5,0.0,PASS
A000103,10618.27,10618.27,0.0,PASS
A000104,17241.59,17241.59,0.0,PASS
A000105,4233.85,4233.85,0.0,PASS
A000106,18148.71,18148.71,0.0,PASS
A000107,17187.39,17187.39,0.0,PASS
A000108,12218.37,12218.37,0.0,PASS
A000109,21375.81,21375.81,0.0,PASS
A000110,10738.18,10738.18,0.0,PASS
A000111,14044.16,14044.16,0.0,PASS
A000112,8340.09,8340.09,0.0,PASS
A000113,3497.14,3497.14,0.0,PASS
A000114,14638.71,14638.71,0.0,PASS
A000115,15651.77,15651.77,0.0,PASS
A000116,18840.92,18840.92,0.0,PASS
A000117,12503.06,12503.06,0.0,PASS
A000118,18823.18,18823.18,0.0,PASS
A000119,18398.94,18398.94,0.0,PASS
A000120,10176.76,10176.76,0.0,PASS
A000121,12574.92,12574.92,0.0,PASS
A000122,20332.62,20332.62,0.0,PASS
A000123,2465.7,2465.7,0.0,PASS
A000124,12843.52,12843.52,0.0,PASS
A000125,16735.48,16735.48,0.0,PASS
A000126,3333.47,3333.47,0.0,PASS
A000127,5074.85,5074.85,0.0,PASS
A000128,11876.49,11876.49,0.0,PASS
A000129,6790.95,6790.95,0.0,PASS
A000130,21131.21,21131.21,0.0,PASS
A000131,7048.3,7048.3,0.0,PASS
A000132,7381.75,7381.75,0.0,PASS
A000133,18938.37,18938.37,0.0,PASS
A000134,22951.86,22951.86,0.0,PASS
A000135,6840.9,6840.9,0.0,PASS
A000136,17704.24,17704.24,0.0,PASS
A000137,16117.29,16117.29,0.0,PASS
A000138,10866.02,10866.02,0.0,PASS
A000139,18288.63,18288.63,0.0,PASS
A000140,14118.76,14118.76,0.0,PASS
A000141,7496.64,7496.64,0.0,PASS
A000142,15540.76,15540.76,0.0,PASS
A000143,13649.49,13649.49,0.0,PASS
A000144,6998.63,6998.63,0.0,PASS
A000145,23878.98,23878.98,0.0,PASS
A000146,11274.29,11274.29,0.0,PASS
A000147,10396.14,10396.14,0.0,PASS
A000148,17239.47,17239.47,0.0,PASS
A000149,7990.28,7990.28,0.0,PASS
A000150,8832.67,8832.67,0.0,PASS
A000151,6672.46,6672.46,0.0,PASS
A000152,5077.2,5077.2,0.0,PASS
A000153,8427.53,8427.53,0.0,PASS
A000154,16084.22,16084.22,0.0,PASS
A000155,5481.58,5481.58,0.0,PASS
A000156,6554.29,6554.29,0.0,PASS
A000157,4765.28,4765.28,0.0,PASS
A000158,6020.98,6020.98,0.0,PASS
A000159,16785.27,16785.27,0.0,PASS
A000160,13941.03,13941.03,0.0,PASS
A000161,14917.82,14917.82,0.0,PASS
A000162,5669.15,5669.15,0.0,PASS
A000163,15354.48,15354.48,0.0,PASS
A000164,4160.35,4160.35,0.0,PASS
A000165,16608.4,16608.4,0.0,PASS
A000166,14396.44,14396.44,0.0,PASS
A000167,18344.49,18344.49,0.0,PASS
A000168,8049.99,8049.99,0.0,PASS
A000169,5958.72,5958.72,0.0,PASS
A000170,8755.62,8755.62,0.0,PASS
A000171,9070.8,9070.8,0.0,PASS
A000172,11300.04,11300.04,0.0,PASS
A000173,24289.15,24289.15,0.0,PASS
A000174,6499.04,6499.04,0.0,PASS
A000175,3850.86,3850.86,0.0,PASS
A000176,12143.07,12143.07,0.0,PASS
A000177,8553.86,8553.86,0.0,PASS
A000178,9723.87,9723.87,0.0,PASS
A000179,12802.33,12802.33,0.0,PASS
A000180,16343.43,16343.43,0.0,PASS
A000181,7402.0,7402.0,0.0,PASS
A000182,4734.23,4734.23,0.0,PASS
A000183,11982.84,11982.84,0.0,PASS
A000184,19921.78,19921.78,0.0,PASS
A000185,8540.89,8540.89,0.0,PASS
A000186,12624.74,12624.74,0.0,PASS
A000187,3494.77,3494.77,0.0,PASS
A000188,5201.28,5201.28,0.0,PASS
A000189,20547.93,20547.93,0.0,PASS
A000190,9638.84,9638.84,0.0,PASS
A000191,17357.54,17357.54,0.0,PASS
A000192,25516.93,25516.93,0.0,PASS
A000193,8165.53,8165.53,0.0,PASS
A000194,10329.73,10329.73,0.0,PASS
A000195,14050.69,14050.69,0.0,PASS
A000196,16576.07,16576.07,0.0,PASS
A000197,16057.23,16057.23,0.0,PASS
A000198,3275.63,3275.63,0.0,PASS
A000199,22595.31,22595.31,0.0,PASS
A000200,16255.74,16255.74,0.0,PASS
A000201,9897.38,9897.38,0.0,PASS
A000202,6705.63,6705.63,0.0,PASS
A000203,4198.98,4198.98,0.0,PASS
A000204,19032.29,19032.29,0.0,PASS
A000205,17543.82,17543.82,0.0,PASS
A000206,18698.62,18698.62,0.0,PASS
A000207,10246.63,10246.63,0.0,PASS
A000208,19347.3,19347.3,0.0,PASS
A000209,16505.96,16505.96,0.0,PASS
A000210,15950.81,15950.81,0.0,PASS
A000211,16715.81,16715.81,0.0,PASS
A000212,6901.86,6901.86,0.0,PASS
A000213,6403.54,6403.54,0.0,PASS
A000214,24251.94,24251.94,0.0,PASS
A000215,19125.77,19125.77,0.0,PASS
A000216,6147.24,6147.24,0.0,PASS
A000217,12170.52,12170.52,0.0,PASS
A000218,15937.86,15937.86,0.0,PASS
A000219,8772.9,8772.9,0.0,PASS
A000220,5793.01,5793.01,0.0,PASS
A000221,9465.26,9465.26,0.0,PASS
A000222,14168.92,14168.92,0.0,PASS
A000223,12256.56,12256.56,0.0,PASS
A000224,11781.29,11781.29,0.0,PASS
A000225,14634.42,14634.42,0.0,PASS
A000226,16100.0,16100.0,0.0,PASS
A000227,14281.23,14281.23,0.0,PASS
A000228,11298.11,11298.11,0.0,PASS
A000229,6706.82,6706.82,0.0,PASS
A000230,3664.65,3664.65,0.0,PASS
A000231,24927.03,24927.03,0.0,PASS
A000232,17069.57,17069.57,0.0,PASS
A000233,6333.59,6333.59,0.0,PASS
A000234,7708.4,7708.4,0.0,PASS
A000235,25633.77,25633.77,0.0,PASS
A000236,21279.25,21279.25,0.0,PASS
A000237,13380.54,13380.54,0.0,PASS
A000238,12357.24,12357.24,0.0,PASS
A000239,12760.85,12760.85,0.0,PASS
A000240,10034.06,10034.06,0.0,PASS
A000241,1856.84,1856.84,0.0,PASS
A000242,8354.64,8354.64,0.0,PASS
A000243,21668.76,21668.76,0.0,PASS
A000244,8161.72,8161.72,0.0,PASS
A000245,12040.33,12040.33,0.0,PASS
A000246,18086.18,18086.18,0.0,PASS
A000247,13020.74,13020.74,0.0,PASS
A000248,15525.4,15525.4,0.0,PASS
A000249,20201.23,20201.23,0.0,PASS
A000250,4777.98,4777.98,0.0,PASS
A000251,16010.4,16010.4,0.0,PASS
A000252,11711.4,11711.4,0.0,PASS
A000253,7828.36,7828.36,0.0,PASS
A000254,16249.63,16249.63,0.0,PASS
A000255,14831.89,14831.89,0.0,PASS
A000256,8978.19,8978.19,0.0,PASS
A000257,13919.44,13919.44,0.0,PASS
A000258,15641.41,15641.41,0.0,PASS
A000259,21055.92,21055.92,0.0,PASS
A000260,6034.2,6034.2,0.0,PASS
A000261,17943.32,17943.32,0.0,PASS
A000262,7066.41,7066.41,0.0,PASS
A000263,8667.26,8667.26,0.0,PASS
A000264,16126.68,16126.68,0.0,PASS
A000265,6920.75,6920.75,0.0,PASS
A000266,7708.69,7708.69,0.0,PASS
A000267,8768.61,8768.61,0.0,PASS
A000268,9173.78,9173.78,0.0,PASS
A000269,15267.55,15267.55,0.0,PASS
A000270,12479.1,12479.1,0.0,PASS
A000271,12706.4,12706.4,0.0,PASS
A000272,8296.72,8296.72,0.0,PASS
A000273,16016.91,16016.91,0.0,PASS
A000274,18021.83,18021.83,0.0,PASS
A000275,4214.52,4214.52,0.0,PASS
A000276,24873.57,24873.57,0.0,PASS
A000277,5257.22,5257.22,0.0,PASS
A000278,11475.13,11475.13,0.0,PASS
A000279,15420.58,15420.58,0.0,PASS
A000280,12027.19,12027.19,0.0,PASS
A000281,16371.68,16371.68,0.0,PASS
A000282,16840.79,16840.79,0.0,PASS
A000283,3801.16,3801.16,0.0,PASS
A000284,7868.86,7868.86,0.0,PASS
A000285,7999.18,7999.18,0.0,PASS
A000286,16284.4,16284.4,0.0,PASS
A000287,8573.69,8573.69,0.0,PASS
A000288,5518.6,5518.6,0.0,PASS
A000289,14960.24,14960.24,0.0,PASS
A000290,3301.54,3301.54,0.0,PASS
A000291,6624.66,6624.66,0.0,PASS
A000292,22085.87,22085.87,0.0,PASS
A000293,7817.99,7817.99,0.0,PASS
A000294,16990.69,16990.69,0.0,PASS
A000295,12405.36,12405.36,0.0,PASS
A000296,8199.55,8199.55,0.0,PASS
A000297,7512.45,7512.45,0.0,PASS
A000298,2501.33,2501.33,0.0,PASS
A000299,10177.85,10177.85,0.0,PASS
A000300,4165.08,4165.08,0.0,PASS
A000301,-1606.83,-1606.83,0.0,PASS
A000302,833.97,833.97,0.0,PASS
A000303,11418.7,11418.7,0.0,PASS
A000304,10805.63,10805.63,0.0,PASS
A000305,6619.24,6619.24,0.0,PASS
A000306,6228.22,6228.22,0.0,PASS
A000307,6903.09,6903.09,0.0,PASS
A000308,19322.56,19322.56,0.0,PASS
A000309,11356.44,11356.44,0.0,PASS
A000310,14731.12,14731.12,0.0,PASS
A000311,14431.67,14431.67,0.0,PASS
A000312,10642.53,10642.53,0.0,PASS
A000313,12780.37,12780.37,0.0,PASS
A000314,11492.17,11492.17,0.0,PASS
A000315,8586.07,8586.07,0.0,PASS
A000316,15371.95,15371.95,0.0,PASS
A000317,14347.04,14347.04,0.0,PASS
A000318,17918.19,17918.19,0.0,PASS
A000319,17528.11,17528.11,0.0,PASS
A000320,12781.79,12781.79,0.0,PASS
A000321,8910.14,8910.14,0.0,PASS
A000322,12667.52,12667.52,0.0,PASS
A000323,14209.31,14209.31,0.0,PASS
A000324,15411.98,15411.98,0.0,PASS
A000325,16090.4,16090.4,0.0,PASS
A000326,6741.27,6741.27,0.0,PASS
A000327,14935.83,14935.83,0.0,PASS
A000328,12797.53,12797.53,0.0,PASS
A000329,20224.16,20224.16,0.0,PASS
A000330,16456.68,16456.68,0.0,PASS
A000331,7874.73,7874.73,0.0,PASS
A000332,7881.01,7881.01,0.0,PASS
A000333,17090.73,17090.73,0.0,PASS
A000334,9631.8,9631.8,0.0,PASS
A000335,11710.78,11710.78,0.0,PASS
A000336,-516.34,-516.34,0.0,PASS
A000337,19150.43,19150.43,0.0,PASS
A000338,18585.79,18585.79,0.0,PASS
A000339,21757.86,21757.86,0.0,PASS
A000340,18879.07,18879.07,0.0,PASS
A000341,17570.85,17570.85,0.0,PASS
A000342,19769.22,19769.22,0.0,PASS
A000343,10516.53,10516.53,0.0,PASS
A000344,11168.83,11168.83,0.0,PASS
A000345,8070.3,8070.3,0.0,PASS
A000346,16656.26,16656.26,0.0,PASS
A000347,28803.34,28803.34,0.0,PASS
A000348,16143.49,16143.49,0.0,PASS
A000349,5520.45,5520.45,0.0,PASS
A000350,20134.93,20134.93,0.0,PASS
A000351,7822.03,7822.03,0.0,PASS
A000352,17915.06,17915.06,0.0,PASS
A000353,8156.54,8156.54,0.0,PASS
A000354,10702.49,10702.49,0.0,PASS
A000355,4662.97,4662.97,0.0,PASS
A000356,27585.54,27585.54,0.0,PASS
A000357,13758.7,13758.7,0.0,PASS
A000358,23439.48,23439.48,0.0,PASS
A000359,8038.71,8038.71,0.0,PASS
A000360,19450.84,19450.84,0.0,PASS
A000361,10219.28,10219.28,0.0,PASS
A000362,19167.78,19167.78,0.0,PASS
A000363,8497.03,8497.03,0.0,PASS
A000364,17360.93,17360.93,0.0,PASS
A000365,13249.63,13249.63,0.0,PASS
A000366,9095.51,9095.51,0.0,PASS
A000367,16940.86,16940.86,0.0,PASS
A000368,14848.3,14848.3,0.0,PASS
A000369,12327.7,12327.7,0.0,PASS
A000370,21720.65,21720.65,0.0,PASS
A000371,87.31,87.31,0.0,PASS
A000372,3169.3,3169.3,0.0,PASS
A000373,5703.01,5703.01,0.0,PASS
A000374,17600.04,17600.04,0.0,PASS
A000375,10527.57,10527.57,0.0,PASS
A000376,19685.31,19685.31,0.0,PASS
A000377,11878.0,11878.0,0.0,PASS
A000378,10967.37,10967.37,0.0,PASS
A000379,7214.31,7214.31,0.0,PASS
A000380,5862.36,5862.36,0.0,PASS
A000381,21235.11,21235.11,0.0,PASS
A000382,12515.28,12515.28,0.0,PASS
A000383,18117.26,18117.26,0.0,PASS
A000384,4930.94,4930.94,0.0,PASS
A000385,19404.69,19404.69,0.0,PASS
A000386,7738.84,7738.84,0.0,PASS
A000387,2562.75,2562.75,0.0,PASS
A000388,4328.87,4328.87,0.0,PASS
A000389,15191.85,15191.85,0.0,PASS
A000390,14032.58,14032.58,0.0,PASS
A000391,17208.24,17208.24,0.0,PASS
A000392,17327.07,17327.07,0.0,PASS
A000393,20955.19,20955.19,0.0,PASS
A000394,16408.66,16408.66,0.0,PASS
A000395,12863.63,12863.63,0.0,PASS
A000396,13268.54,13268.54,0.0,PASS
A000397,3507.86,3507.86,0.0,PASS
A000398,7739.07,7739.07,0.0,PASS
A000399,7107.55,7107.55,0.0,PASS
A000400,1967.13,1967.13,0.0,PASS
A000401,15490.26,15490.26,0.0,PASS
A000402,16616.01,16616.01,0.0,PASS
A000403,21839.78,21839.78,0.0,PASS
A000404,18673.13,18673.13,0.0,PASS
A000405,18944.86,18944.86,0.0,PASS
A000406,3077.16,3077.16,0.0,PASS
A000407,27024.73,27024.73,0.0,PASS
A000408,14785.22,14785.22,0.0,PASS
A000409,20790.31,20790.31,0.0,PASS
A000410,18324.58,18324.58,0.0,PASS
A000411,22583.24,22583.24,0.0,PASS
A000412,23217.73,23217.73,0.0,PASS
A000413,19686.13,19686.13,0.0,PASS
A000414,7216.44,7216.44,0.0,PASS
A000415,7197.16,7197.16,0.0,PASS
A000416,7748.96,7748.96,0.0,PASS
A000417,4050.3,4050.3,0.0,PASS
A000418,19423.04,19423.04,0.0,PASS
A000419,9053.68,9053.68,0.0,PASS
A000420,13893.27,13893.27,0.0,PASS
A000421,12619.13,12619.13,0.0,PASS
A000422,11571.42,11571.42,0.0,PASS
A000423,6342.09,6342.09,0.0,PASS
A000424,11185.64,11185.64,0.0,PASS
A000425,9389.81,9389.81,0.0,PASS
A000426,12690.88,12690.88,0.0,PASS
A000427,7780.46,7780.46,0.0,PASS
A000428,9448.31,9448.31,0.0,PASS
A000429,10628.39,10628.39,0.0,PASS
A000430,7827.95,7827.95,0.0,PASS
A000431,8345.86,8345.86,0.0,PASS
A000432,18642.85,18642.85,0.0,PASS
A000433,8971.26,8971.26,0.0,PASS
A000434,2649.62,2649.62,0.0,PASS
A000435,22597.65,22597.65,0.0,PASS
A000436,9245.48,9245.48,0.0,PASS
A000437,11940.37,11940.37,0.0,PASS
A000438,20182.31,20182.31,0.0,PASS
A000439,15294.11,15294.11,0.0,PASS
A000440,11108.91,11108.91,0.0,PASS
A000441,9604.71,9604.71,0.0,PASS
A000442,12539.3,12539.3,0.0,PASS
A000443,23381.39,23381.39,0.0,PASS
A000444,9642.58,9642.58,0.0,PASS
A000445,19618.09,19618.09,0.0,PASS
A000446,20565.77,20565.77,0.0,PASS
A000447,12001.44,12001.44,0.0,PASS
A000448,12082.93,12082.93,0.0,PASS
A000449,15755.35,15755.35,0.0,PASS
A000450,15102.58,15102.58,0.0,PASS
A000451,6064.92,6064.92,0.0,PASS
A000452,13398.52,13398.52,0.0,PASS
A000453,3351.31,3351.31,0.0,PASS
A000454,10697.66,10697.66,0.0,PASS
A000455,2662.94,2662.94,0.0,PASS
A000456,7939.94,7939.94,0.0,PASS
A000457,21512.07,21512.07,0.0,PASS
A000458,7909.02,7909.02,0.0,PASS
A000459,5569.96,5569.96,0.0,PASS
A000460,16587.23,16587.23,0.0,PASS
A000461,14094.75,14094.75,0.0,PASS
A000462,13156.64,13156.64,0.0,PASS
A000463,20947.26,20947.26,0.0,PASS
A000464,20231.5,20231.5,0.0,PASS
A000465,15787.96,15787.96,0.0,PASS
A000466,10009.28,10009.28,0.0,PASS
A000467,23571.28,23571.28,0.0,PASS
A000468,7679.1,7679.1,0.0,PASS
A000469,6110.17,6110.17,0.0,PASS
A000470,13420.01,13420.01,0.0,PASS
A000471,21170.38,21170.38,0.0,PASS
A000472,5514.36,5514.36,0.0,PASS
A000473,21761.46,21761.46,0.0,PASS
A000474,5841.22,5841.22,0.0,PASS
A000475,5126.59,5126.59,0.0,PASS
A000476,8022.82,8022.82,0.0,PASS
A000477,28421.46,28421.46,0.0,PASS
A000478,13236.74,13236.74,0.0,PASS
A000479,7143.76,7143.76,0.0,PASS
A000480,3679.32,3679.32,0.0,PASS
A000481,16038.91,16038.91,0.0,PASS
A000482,13244.79,13244.79,0.0,PASS
A000483,3623.61,3623.61,0.0,PASS
A000484,16857.49,16857.49,0.0,PASS
A000485,10178.28,10178.28,0.0,PASS
A000486,10899.82,10899.82,0.0,PASS
A000487,16681.26,16681.26,0.0,PASS
A000488,18215.66,18215.66,0.0,PASS
A000489,10287.2,10287.2,0.0,PASS
A000490,14901.01,14901.01,0.0,PASS
A000491,9785.27,9785.27,0.0,PASS
A000492,16875.04,16875.04,0.0,PASS
A000493,14142.79,14142.79,0.0,PASS
A000494,19929.66,19929.66,0.0,PASS
A000495,7464.38,7464.38,0.0,PASS
A000496,8624.17,8624.17,0.0,PASS
A000497,17025.77,17025.77,0.0,PASS
A000498,24613.34,24613.34,0.0,PASS
A000499,5839.8,5839.8,0.0,PASS
A000500,13256.06,13256.06,0.0,PASS
A000501,10865.76,10865.76,0.0,PASS
A000502,5934.58,5934.58,0.0,PASS
A000503,689.92,689.92,0.0,PASS
A000504,8935.1,8935.1,0.0,PASS
A000505,14016.6,14016.6,0.0,PASS
A000506,3018.42,3018.42,0.0,PASS
A000507,7977.43,7977.43,0.0,PASS
A000508,17273.02,17273.02,0.0,PASS
A000509,9792.9,9792.9,0.0,PASS
A000510,14237.1,14237.1,0.0,PASS
A000511,17485.5,17485.5,0.0,PASS
A000512,13736.33,13736.33,0.0,PASS
A000513,18309.92,18309.92,0.0,PASS
A000514,11246.91,11246.91,0.0,PASS
A000515,10069.49,10069.49,0.0,PASS
A000516,13168.04,13168.04,0.0,PASS
A000517,4839.54,4839.54,0.0,PASS
A000518,12887.55,12887.55,0.0,PASS
A000519,8874.35,8874.35,0.0,PASS
A000520,13973.4,13973.4,0.0,PASS
A000521,6206.93,6206.93,0.0,PASS
A000522,9190.84,9190.84,0.0,PASS
A000523,9934.21,9934.21,0.0,PASS
A000524,15292.48,15292.48,0.0,PASS
A000525,17399.76,17399.76,0.0,PASS
A000526,3063.19,3063.19,0.0,PASS
A000527,3744.59,3744.59,0.0,PASS
A000528,5615.03,5615.03,0.0,PASS
A000529,8974.8,8974.8,0.0,PASS
A000530,14973.28,14973.28,0.0,PASS
A000531,7951.06,7951.06,0.0,PASS
A000532,18362.01,18362.01,0.0,PASS
A000533,6004.49,6004.49,0.0,PASS
A000534,13098.4,13098.4,0.0,PASS
A000535,7584.19,7584.19,0.0,PASS
A000536,17279.19,17279.19,0.0,PASS
A000537,16620.42,16620.42,0.0,PASS
A000538,15368.37,15368.37,0.0,PASS
A000539,22568.59,22568.59,0.0,PASS
A000540,16577.09,16577.09,0.0,PASS
A000541,12456.71,12456.71,0.0,PASS
A000542,14698.31,14698.31,0.0,PASS
A000543,19555.9,19555.9,0.0,PASS
A000544,7164.47,7164.47,0.0,PASS
A000545,21181.96,21181.96,0.0,PASS
A000546,7202.93,7202.93,0.0,PASS
A000547,9924.68,9924.68,0.0,PASS
A000548,5413.76,5413.76,0.0,PASS
A000549,10388.75,10388.75,0.0,PASS
A000550,12326.21,12326.21,0.0,PASS
A000551,23280.27,23280.27,0.0,PASS
A000552,8847.09,8847.09,0.0,PASS
A000553,6914.51,6914.51,0.0,PASS
A000554,13366.5,13366.5,0.0,PASS
A000555,14031.88,14031.88,0.0,PASS
A000556,4689.33,4689.33,0.0,PASS
A000557,17697.96,17697.96,0.0,PASS
A000558,18834.82,18834.82,0.0,PASS
A000559,21569.29,21569.29,0.0,PASS
A000560,13397.59,13397.59,0.0,PASS
A000561,9838.02,9838.02,0.0,PASS
A000562,6502.34,6502.34,0.0,PASS
A000563,16142.97,16142.97,0.0,PASS
A000564,10677.0,10677.0,0.0,PASS
A000565,25771.04,25771.04,0.0,PASS
A000566,19616.66,19616.66,0.0,PASS
A000567,10842.11,10842.11,0.0,PASS
A000568,21398.93,21398.93,0.0,PASS
A000569,1380.74,1380.74,0.0,PASS
A000570,19326.35,19326.35,0.0,PASS
A000571,12595.65,12595.65,0.0,PASS
A000572,16475.99,16475.99,0.0,PASS
A000573,10021.46,10021.46,0.0,PASS
A000574,13772.66,13772.66,0.0,PASS
A000575,7582.15,7582.15,0.0,PASS
A000576,23190.65,23190.65,0.0,PASS
A000577,12409.34,12409.34,0.0,PASS
A000578,3626.06,3626.06,0.0,PASS
A000579,24325.0,24325.0,0.0,PASS
A000580,13055.29,13055.29,0.0,PASS
A000581,3375.76,3375.76,0.0,PASS
A000582,15368.33,15368.33,0.0,PASS
A000583,9383.19,9383.19,0.0,PASS
A000584,8593.24,8593.24,0.0,PASS
A000585,24781.27,24781.27,0.0,PASS
A000586,14350.05,14350.05,0.0,PASS
A000587,16779.06,16779.06,0.0,PASS
A000588,19580.9,19580.9,0.0,PASS
A000589,12204.9,12204.9,0.0,PASS
A000590,11414.06,11414.06,0.0,PASS
A000591,6073.62,6073.62,0.0,PASS
A000592,20216.75,20216.75,0.0,PASS
A000593,6766.38,6766.38,0.0,PASS
A000594,20934.93,20934.93,0.0,PASS
A000595,15931.84,15931.84,0.0,PASS
A000596,14126.89,14126.89,0.0,PASS
A000597,3423.5,3423.5,0.0,PASS
A000598,5782.8,5782.8,0.0,PASS
A000599,11784.35,11784.35,0.0,PASS
A000600,2851.85,2851.85,0.0,PASS
A000601,8718.82,8718.82,0.0,PASS
A000602,16326.76,16326.76,0.0,PASS
A000603,5376.32,5376.32,0.0,PASS
A000604,19522.09,19522.09,0.0,PASS
A000605,8913.65,8913.65,0.0,PASS
A000606,9442.51,9442.51,0.0,PASS
A000607,9002.19,9002.19,0.0,PASS
A000608,19860.37,19860.37,0.0,PASS
A000609,1580.12,1580.12,0.0,PASS
A000610,18834.13,18834.13,0.0,PASS
A000611,8112.69,8112.69,0.0,PASS
A000612,22279.16,22279.16,0.0,PASS
A000613,15429.48,15429.48,0.0,PASS
A000614,12830.1,12830.1,0.0,PASS
A000615,15970.86,15970.86,0.0,PASS
A000616,18249.79,18249.79,0.0,PASS
A000617,17741.75,17741.75,0.0,PASS
A000618,12520.37,12520.37,0.0,PASS
A000619,5313.94,5313.94,0.0,PASS
A000620,13535.69,13535.69,0.0,PASS
A000621,8860.19,8860.19,0.0,PASS
A000622,15497.31,15497.31,0.0,PASS
A000623,17810.48,17810.48,0.0,PASS
A000624,2227.59,2227.59,0.0,PASS
A000625,18931.05,18931.05,0.0,PASS
A000626,16310.0,16310.0,0.0,PASS
A000627,18147.1,18147.1,0.0,PASS
A000628,717.76,717.76,0.0,PASS
A000629,9299.36,9299.36,0.0,PASS
A000630,18557.52,18557.52,0.0,PASS
A000631,18622.24,18622.24,0.0,PASS
A000632,13874.36,13874.36,0.0,PASS
A000633,8035.08,8035.08,0.0,PASS
A000634,10916.92,10916.92,0.0,PASS
A000635,12272.86,12272.86,0.0,PASS
A000636,18471.29,18471.29,0.0,PASS
A000637,9083.14,9083.14,0.0,PASS
A000638,7687.13,7687.13,0.0,PASS
A000639,14922.86,14922.86,0.0,PASS
A000640,26251.03,26251.03,0.0,PASS
A000641,15613.21,15613.21,0.0,PASS
A000642,10543.55,10543.55,0.0,PASS
A000643,7566.64,7566.64,0.0,PASS
A000644,6382.3,6382.3,0.0,PASS
A000645,12073.24,12073.24,0.0,PASS
A000646,15634.12,15634.12,0.0,PASS
A000647,21864.83,21864.83,0.0,PASS
A000648,4605.71,4605.71,0.0,PASS
A000649,-897.77,-897.77,0.0,PASS
A000650,8320.6,8320.6,0.0,PASS
A000651,11776.79,11776.79,0.0,PASS
A000652,18093.05,18093.05,0.0,PASS
A000653,20706.84,20706.84,0.0,PASS
A000654,10288.93,10288.93,0.0,PASS
A000655,16757.01,16757.01,0.0,PASS
A000656,4731.92,4731.92,0.0,PASS
A000657,8100.89,8100.89,0.0,PASS
A000658,18278.49,18278.49,0.0,PASS
A000659,5722.48,5722.48,0.0,PASS
A000660,23599.71,23599.71,0.0,PASS
A000661,14050.61,14050.61,0.0,PASS
A000662,1824.54,1824.54,0.0,PASS
A000663,15544.18,15544.18,0.0,PASS
A000664,17986.31,17986.31,0.0,PASS
A000665,20548.12,20548.12,0.0,PASS
A000666,12875.06,12875.06,0.0,PASS
A000667,12606.4,12606.4,0.0,PASS
A000668,17560.02,17560.02,0.0,PASS
A000669,21322.77,21322.77,0.0,PASS
A000670,-4995.66,-4995.66,0.0,PASS
A000671,14432.46,14432.46,0.0,PASS
A000672,8459.86,8459.86,0.0,PASS
A000673,18706.97,18706.97,0.0,PASS
A000674,2355.23,2355.23,0.0,PASS
A000675,3342.14,3342.14,0.0,PASS
A000676,14625.6,14625.6,0.0,PASS
A000677,19542.18,19542.18,0.0,PASS
A000678,2765.54,2765.54,0.0,PASS
A000679,11101.32,11101.32,0.0,PASS
A000680,6734.16,6734.16,0.0,PASS
A000681,18232.38,18232.38,0.0,PASS
A000682,3389.26,3389.26,0.0,PASS
A000683,10567.89,10567.89,0.0,PASS
A000684,17917.08,17917.08,0.0,PASS
A000685,10646.2,10646.2,0.0,PASS
A000686,15207.28,15207.28,0.0,PASS
A000687,16374.09,16374.09,0.0,PASS
A000688,20841.34,20841.34,0.0,PASS
A000689,14317.95,14317.95,0.0,PASS
A000690,8460.03,8460.03,0.0,PASS
A000691,12260.87,12260.87,0.0,PASS
A000692,-3943.92,-3943.92,0.0,PASS
A000693,4797.1,4797.1,0.0,PASS
A000694,1413.15,1413.15,0.0,PASS
A000695,9262.98,9262.98,0.0,PASS
A000696,13142.18,13142.18,0.0,PASS
A000697,19465.1,19465.1,0.0,PASS
A000698,8784.75,8784.75,0.0,PASS
A000699,16865.51,16865.51,0.0,PASS
A000700,15819.07,15819.07,0.0,PASS
A000701,7392.06,7392.06,0.0,PASS
A000702,6730.18,6730.18,0.0,PASS
A000703,5186.62,5186.62,0.0,PASS
A000704,21795.7,21795.7,0.0,PASS
A000705,12548.12,12548.12,0.0,PASS
A000706,8427.76,8427.76,0.0,PASS
A000707,12815.67,12815.67,0.0,PASS
A000708,6508.81,6508.81,0.0,PASS
A000709,9552.18,9552.18,0.0,PASS
A000710,8901.73,8901.73,0.0,PASS
A000711,6575.09,6575.09,0.0,PASS
A000712,14571.54,14571.54,0.0,PASS
A000713,20385.82,20385.82,0.0,PASS
A000714,2862.95,2862.95,0.0,PASS
A000715,17805.39,17805.39,0.0,PASS
A000716,9557.99,9557.99,0.0,PASS
A000717,11930.84,11930.84,0.0,PASS
A000718,16120.46,16120.46,0.0,PASS
A000719,1531.49,1531.49,0.0,PASS
A000720,-1769.69,-1769.69,0.0,PASS
A000721,2151.45,2151.45,0.0,PASS
A000722,7139.57,7139.57,0.0,PASS
A000723,19386.75,19386.75,0.0,PASS
A000724,14959.41,14959.41,0.0,PASS
A000725,6653.19,6653.19,0.0,PASS
A000726,4356.35,4356.35,0.0,PASS
A000727,23195.97,23195.97,0.0,PASS
A000728,17228.37,17228.37,0.0,PASS
A000729,6181.77,6181.77,0.0,PASS
A000730,18845.11,18845.11,0.0,PASS
A000731,14817.7,14817.7,0.0,PASS
A000732,5557.12,5557.12,0.0,PASS
A000733,13871.38,13871.38,0.0,PASS
A000734,20829.55,20829.55,0.0,PASS
A000735,4599.9,4599.9,0.0,PASS
A000736,13551.75,13551.75,0.0,PASS
A000737,4817.33,4817.33,0.0,PASS
A000738,18601.48,18601.48,0.0,PASS
A000739,14570.14,14570.14,0.0,PASS
A000740,10412.66,10412.66,0.0,PASS
A000741,10655.86,10655.86,0.0,PASS
A000742,11902.01,11902.01,0.0,PASS
A000743,10046.62,10046.62,0.0,PASS
A000744,12320.54,12320.54,0.0,PASS
A000745,10296.16,10296.16,0.0,PASS
A000746,8761.63,8761.63,0.0,PASS
A000747,14170.16,14170.16,0.0,PASS
A000748,32421.97,32421.97,0.0,PASS
A000749,12667.48,12667.48,0.0,PASS
A000750,12805.34,12805.34,0.0,PASS
A000751,3378.76,3378.76,0.0,PASS
A000752,19688.74,19688.74,0.0,PASS
A000753,16471.48,16471.48,0.0,PASS
A000754,5317.79,5317.79,0.0,PASS
A000755,5400.66,5400.66,0.0,PASS
A000756,17982.56,17982.56,0.0,PASS
A000757,16899.75,16899.75,0.0,PASS
A000758,5266.27,5266.27,0.0,PASS
A000759,18463.16,18463.16,0.0,PASS
A000760,14429.03,14429.03,0.0,PASS
A000761,17323.9,17323.9,0.0,PASS
A000762,19519.11,19519.11,0.0,PASS
A000763,4038.16,4038.16,0.0,PASS
A000764,2935.56,2935.56,0.0,PASS
A000765,9305.34,9305.34,0.0,PASS
A000766,17709.99,17709.99,0.0,PASS
A000767,10882.74,10882.74,0.0,PASS
A000768,16504.88,16504.88,0.0,PASS
A000769,15110.57,15110.57,0.0,PASS
A000770,10598.67,10598.67,0.0,PASS
A000771,23422.82,23422.82,0.0,PASS
A000772,21790.06,21790.06,0.0,PASS
A000773,7690.17,7690.17,0.0,PASS
A000774,15978.58,15978.58,0.0,PASS
A000775,1389.64,1389.64,0.0,PASS
A000776,16971.61,16971.61,0.0,PASS
A000777,14027.31,14027.31,0.0,PASS
A000778,21782.56,21782.56,0.0,PASS
A000779,18746.59,18746.59,0.0,PASS
A000780,19873.08,19873.08,0.0,PASS
A000781,19410.4,19410.4,0.0,PASS
A000782,19246.07,19246.07,0.0,PASS
A000783,27671.85,27671.85,0.0,PASS
A000784,16013.72,16013.72,0.0,PASS
A000785,18155.76,18155.76,0.0,PASS
A000786,370.47,370.47,0.0,PASS
A000787,14505.04,14505.04,0.0,PASS
A000788,14557.91,14557.91,0.0,PASS
A000789,14449.53,14449.53,0.0,PASS
A000790,12960.11,12960.11,0.0,PASS
A000791,3694.63,3694.63,0.0,PASS
A000792,9450.59,9450.59,0.0,PASS
A000793,14215.23,14215.23,0.0,PASS
A000794,4553.89,4553.89,0.0,PASS
A000795,8950.67,8950.67,0.0,PASS
A000796,16007.68,16007.68,0.0,PASS
A000797,10995.7,10995.7,0.0,PASS
A000798,16697.04,16697.04,0.0,PASS
A000799,-5493.31,-5493.31,0.0,PASS
A000800,17295.93,17295.93,0.0,PASS
A000801,9777.1,9777.1,0.0,PASS
A000802,6374.59,6374.59,0.0,PASS
A000803,5063.4,5063.4,0.0,PASS
A000804,12055.27,12055.27,0.0,PASS
A000805,21351.75,21351.75,0.0,PASS
A000806,18643.91,18643.91,0.0,PASS
A000807,2991.98,2991.98,0.0,PASS
A000808,8061.57,8061.57,0.0,PASS
A000809,3786.81,3786.81,0.0,PASS
A000810,12569.91,12569.91,0.0,PASS
A000811,6758.6,6758.6,0.0,PASS
A000812,22354.1,22354.1,0.0,PASS
A000813,5896.46,5896.46,0.0,PASS
A000814,6608.41,6608.41,0.0,PASS
A000815,16785.97,16785.97,0.0,PASS
A000816,9822.32,9822.32,0.0,PASS
A000817,11529.55,11529.55,0.0,PASS
A000818,11030.47,11030.47,0.0,PASS
A000819,13934.29,13934.29,0.0,PASS
A000820,3260.0,3260.0,0.0,PASS
A000821,9393.48,9393.48,0.0,PASS
A000822,16631.03,16631.03,0.0,PASS
A000823,20438.21,20438.21,0.0,PASS
A000824,4080.29,4080.29,0.0,PASS
A000825,5927.57,5927.57,0.0,PASS
A000826,13954.91,13954.91,0.0,PASS
A000827,5633.76,5633.76,0.0,PASS
A000828,10797.86,10797.86,0.0,PASS
A000829,12313.09,12313.09,0.0,PASS
A000830,6832.6,6832.6,0.0,PASS
A000831,15678.56,15678.56,0.0,PASS
A000832,12955.0,12955.0,0.0,PASS
A000833,6600.19,6600.19,0.0,PASS
A000834,7225.03,7225.03,0.0,PASS
A000835,11557.55,11557.55,0.0,PASS
A000836,1064.09,1064.09,0.0,PASS
A000837,13177.62,13177.62,0.0,PASS
A000838,14103.34,14103.34,0.0,PASS
A000839,8055.99,8055.99,0.0,PASS
A000840,17025.18,17025.18,0.0,PASS
A000841,5648.45,5648.45,0.0,PASS
A000842,7807.69,7807.69,0.0,PASS
A000843,20237.01,20237.01,0.0,PASS
A000844,3237.49,3237.49,0.0,PASS
A000845,8696.62,8696.62,0.0,PASS
A000846,7689.52,7689.52,0.0,PASS
A000847,6906.77,6906.77,0.0,PASS
A000848,20028.49,20028.49,0.0,PASS
A000849,-887.48,-887.48,0.0,PASS
A000850,-1370.83,-1370.83,0.0,PASS
A000851,8668.79,8668.79,0.0,PASS
A000852,9211.06,9211.06,0.0,PASS
A000853,7796.66,7796.66,0.0,PASS
A000854,8669.38,8669.38,0.0,PASS
A000855,8561.53,8561.53,0.0,PASS
A000856,20816.0,20816.0,0.0,PASS
A000857,13793.91,13793.91,0.0,PASS
A000858,4217.66,4217.66,0.0,PASS
A000859,12571.52,12571.52,0.0,PASS
A000860,11831.41,11831.41,0.0,PASS
A000861,2545.12,2545.12,0.0,PASS
A000862,12272.71,12272.71,0.0,PASS
A000863,8711.04,8711.04,0.0,PASS
A000864,16336.04,16336.04,0.0,PASS
A000865,7009.65,7009.65,0.0,PASS
A000866,14620.11,14620.11,0.0,PASS
A000867,11026.91,11026.91,0.0,PASS
A000868,17829.22,17829.22,0.0,PASS
A000869,2831.91,2831.91,0.0,PASS
A000870,10652.96,10652.96,0.0,PASS
A000871,9883.42,9883.42,0.0,PASS
A000872,18965.4,18965.4,0.0,PASS
A000873,6567.69,6567.69,0.0,PASS
A000874,11984.79,11984.79,0.0,PASS
A000875,7655.31,7655.31,0.0,PASS
A000876,9920.67,9920.67,0.0,PASS
A000877,261.63,261.63,0.0,PASS
A000878,11466.44,11466.44,0.0,PASS
A000879,4406.73,4406.73,0.0,PASS
A000880,10705.68,10705.68,0.0,PASS
A000881,5375.77,5375.77,0.0,PASS
A000882,20283.7,20283.7,0.0,PASS
A000883,10965.21,10965.21,0.0,PASS
A000884,14387.88,14387.88,0.0,PASS
A000885,14326.41,14326.41,0.0,PASS
A000886,1245.47,1245.47,0.0,PASS
A000887,10198.29,10198.29,0.0,PASS
A000888,16616.0,16616.0,0.0,PASS
A000889,14523.2,14523.2,0.0,PASS
A000890,11017.57,11017.57,0.0,PASS
A000891,11187.41,11187.41,0.0,PASS
A000892,2768.78,2768.78,0.0,PASS
A000893,12513.19,12513.19,0.0,PASS
A000894,8383.88,8383.88,0.0,PASS
A000895,11847.28,11847.28,0.0,PASS
A000896,6433.93,6433.93,0.0,PASS
A000897,4340.56,4340.56,0.0,PASS
A000898,11838.82,11838.82,0.0,PASS
A000899,10584.17,10584.17,0.0,PASS
A000900,11935.1,11935.1,0.0,PASS
A000901,8631.67,8631.67,0.0,PASS
A000902,14758.1,14758.1,0.0,PASS
A000903,1885.96,1885.96,0.0,PASS
A000904,16034.15,16034.15,0.0,PASS
A000905,21591.38,21591.38,0.0,PASS
A000906,11501.94,11501.94,0.0,PASS
A000907,7591.5,7591.5,0.0,PASS
A000908,12116.87,12116.87,0.0,PASS
A000909,21241.22,21241.22,0.0,PASS
A000910,5603.66,5603.66,0.0,PASS
A000911,15963.9,15963.9,0.0,PASS
A000912,19983.76,19983.76,0.0,PASS
A000913,4094.44,4094.44,0.0,PASS
A000914,20444.33,20444.33,0.0,PASS
A000915,19071.0,19071.0,0.0,PASS
A000916,13216.76,13216.76,0.0,PASS
A000917,14498.25,14498.25,0.0,PASS
A000918,4258.43,4258.43,0.0,PASS
A000919,15215.27,15215.27,0.0,PASS
A000920,5120.37,5120.37,0.0,PASS
A000921,8251.39,8251.39,0.0,PASS
A000922,8235.1,8235.1,0.0,PASS
A000923,14456.62,14456.62,0.0,PASS
A000924,10521.52,10521.52,0.0,PASS
A000925,19847.66,19847.66,0.0,PASS
A000926,6379.67,6379.67,0.0,PASS
A000927,8937.18,8937.18,0.0,PASS
A000928,11647.71,11647.71,0.0,PASS
A000929,19379.28,19379.28,0.0,PASS
A000930,1210.61,1210.61,0.0,PASS
A000931,6029.75,6029.75,0.0,PASS
A000932,9845.36,9845.36,0.0,PASS
A000933,13682.95,13682.95,0.0,PASS
A000934,6614.95,6614.95,0.0,PASS
A000935,11228.96,11228.96,0.0,PASS
A000936,9621.11,9621.11,0.0,PASS
A000937,13527.63,13527.63,0.0,PASS
A000938,7709.58,7709.58,0.0,PASS
A000939,2061.46,2061.46,0.0,PASS
A000940,17015.87,17015.87,0.0,PASS
A000941,6622.03,6622.03,0.0,PASS
A000942,16175.47,16175.47,0.0,PASS
A000943,17701.45,17701.45,0.0,PASS
A000944,6217.26,6217.26,0.0,PASS
A000945,16466.44,16466.44,0.0,PASS
A000946,18489.31,18489.31,0.0,PASS
A000947,10666.06,10666.06,0.0,PASS
A000948,4630.4,4630.4,0.0,PASS
A000949,18190.87,18190.87,0.0,PASS
A000950,7254.99,7254.99,0.0,PASS
A000951,14642.15,14642.15,0.0,PASS
A000952,10982.99,10982.99,0.0,PASS
A000953,14215.63,14215.63,0.0,PASS
A000954,10940.2,10940.2,0.0,PASS
A000955,7861.92,7861.92,0.0,PASS
A000956,7025.25,7025.25,0.0,PASS
A000957,8381.34,8381.34,0.0,PASS
A000958,3682.62,3682.62,0.0,PASS
A000959,14144.32,14144.32,0.0,PASS
A000960,2599.17,2599.17,0.0,PASS
A000961,25911.84,25911.84,0.0,PASS
A000962,14645.19,14645.19,0.0,PASS
A000963,7617.87,7617.87,0.0,PASS
A000964,20133.6,20133.6,0.0,PASS
A000965,18857.79,18857.79,0.0,PASS
A000966,14151.29,14151.29,0.0,PASS
A000967,18210.85,18210.85,0.0,PASS
A000968,1620.59,1620.59,0.0,PASS
A000969,8312.84,8312.84,0.0,PASS
A000970,19234.18,19234.18,0.0,PASS
A000971,8611.91,8611.91,0.0,PASS
A000972,27111.59,27111.59,0.0,PASS
A000973,11340.42,11340.42,0.0,PASS
A000974,21037.11,21037.11,0.0,PASS
A000975,13889.81,13889.81,0.0,PASS
A000976,30018.3,30018.3,0.0,PASS
A000977,13015.09,13015.09,0.0,PASS
A000978,15346.2,15346.2,0.0,PASS
A000979,5840.88,5840.88,0.0,PASS
A000980,4592.73,4592.73,0.0,PASS
A000981,17029.41,17029.41,0.0,PASS
A000982,6960.7,6960.7,0.0,PASS
A000983,10258.19,10258.19,0.0,PASS
A000984,10400.51,10400.51,0.0,PASS
A000985,19371.78,19371.78,0.0,PASS
A000986,9316.87,9316.87,0.0,PASS
A000987,8220.04,8220.04,0.0,PASS
A000988,11098.05,11098.05,0.0,PASS
A000989,8009.04,8009.04,0.0,PASS
A000990,10446.67,10446.67,0.0,PASS
A000991,18744.0,18744.0,0.0,PASS
A000992,3614.99,3614.99,0.0,PASS
A000993,12392.64,12392.64,0.0,PASS
A000994,12023.45,12023.45,0.0,PASS
A000995,12011.01,12011.01,0.0,PASS
A000996,8449.9,8449.9,0.0,PASS
A000997,16984.68,16984.68,0.0,PASS
A000998,9602.5,9602.5,0.0,PASS
A000999,10014.68,10014.68,0.0,PASS
A001000,23485.97,23485.97,0.0,PASS
