account_id,customer_id,account_type,open_date,status,opening_balance
A000001,C000001,Current,2026-04-01,Active,12998.65
A000002,C000002,Savings,2018-06-12,Active,12136.25
A000003,C000003,Savings,2017-12-14,Active,2246.46
A000004,C000004,Savings,2015-09-26,Active,306.01
A000005,C000005,Current,2021-05-27,Active,13425.45
A000006,C000006,Savings,2026-04-01,Active,4453.28
A000007,C000007,Savings,2016-09-20,Active,312.59
A000008,C000008,Savings,2007-09-08,Active,9364.86
A000009,C000009,Savings,2010-07-24,Active,13050.67
A000010,C000010,Savings,2009-09-27,Active,9778.69
A000011,C000011,Current,2018-01-13,Active,7049.71
A000012,C000012,Current,2016-03-24,Active,13949.62
A000013,C000013,Current,2013-06-08,Active,17981.77
A000014,C000014,Current,2015-03-30,Active,2177.65
A000015,C000015,Current,2017-02-17,Active,989.16
A000016,C000016,Current,2021-11-23,Active,9800.53
A000017,C000017,Current,2020-07-31,Active,1128.03
A000018,C000018,Savings,2012-12-10,Active,11851.46
A000019,C000019,Current,2014-07-03,Active,1440.71
A000020,C000020,Savings,2017-09-15,Active,13359.89
A000021,C000021,Current,2020-12-28,Active,11159.72
A000022,C000022,Current,2015-05-29,Active,7662.29
A000023,C000023,Current,2010-09-22,Active,14690.68
A000024,C000024,Current,2023-05-17,Active,14712.01
A000025,C000025,Current,2020-09-29,Active,13947.04
A000026,C000026,Current,2012-05-14,Active,4008.45
A000027,C000027,Current,2015-02-28,Active,4145.11
A000028,C000028,Current,2007-01-11,Active,16417.95
A000029,C000029,Current,2016-07-22,Active,11450.54
A000030,C000030,Savings,2013-06-08,Active,16209.65
A000031,C000031,Savings,2022-12-18,Active,7292.82
A000032,C000032,Savings,2019-10-05,Active,15375.35
A000033,C000033,Current,2015-01-29,Active,2894.47
A000034,C000034,Current,2026-05-31,Active,10068.83
A000035,C000035,Current,2009-01-30,Active,17748.46
A000036,C000036,Current,2009-09-27,Active,2236.99
A000037,C000037,Savings,2010-11-21,Active,3450.52
A000038,C000038,Current,2020-07-01,Active,9684.88
A000039,C000039,Current,2007-05-11,Active,16127.92
A000040,C000040,Current,2012-01-15,Active,6804.54
A000041,C000041,Current,2016-05-23,Active,12647.04
A000042,C000042,Current,2013-10-06,Active,600.52
A000043,C000043,Current,2016-06-22,Active,8719.51
A000044,C000044,Current,2022-01-22,Active,5132.03
A000045,C000045,Current,2016-10-20,Active,2889.92
A000046,C000046,Savings,2008-08-03,Active,15835.52
A000047,C000047,Savings,2014-07-03,Active,7892.84
A000048,C000048,Current,2025-06-05,Active,12121.66
A000049,C000049,Savings,2007-08-09,Active,9594.41
A000050,C000050,Savings,2018-05-13,Active,4296.35
A000051,C000051,Current,2020-11-28,Active,441.02
A000052,C000052,Current,2019-11-04,Active,7909.31
A000053,C000053,Savings,2011-03-21,Active,6260.99
A000054,C000054,Savings,2009-12-26,Active,4280.16
A000055,C000055,Savings,2025-10-03,Active,1232.47
A000056,C000056,Current,2015-09-26,Active,6740.36
A000057,C000057,Current,2017-06-17,Active,11338.1
A000058,C000058,Current,2007-05-11,Active,10913.82
A000059,C000059,Current,2010-09-22,Active,5023.09
A000060,C000060,Savings,2014-04-04,Active,14749.51
A000061,C000061,Savings,2010-12-21,Active,6827.23
A000062,C000062,Current,2013-04-09,Active,9150.34
A000063,C000063,Current,2012-01-15,Active,2088.04
A000064,C000064,Current,2021-06-26,Active,4968.61
A000065,C000065,Current,2015-12-25,Active,2934.0
A000066,C000066,Current,2017-08-16,Active,14561.61
A000067,C000067,Savings,2014-07-03,Active,1954.54
A000068,C000068,Savings,2011-06-19,Active,10159.86
A000069,C000069,Current,2012-03-15,Active,7044.65
A000070,C000070,Current,2021-03-28,Active,294.38
A000071,C000071,Savings,2008-09-02,Active,15678.06
A000072,C000072,Savings,2024-02-11,Active,6549.96
A000073,C000073,Savings,2015-07-28,Active,2207.48
A000074,C000074,Current,2020-02-02,Active,9433.01
A000075,C000075,Current,2020-02-02,Active,11267.55
A000076,C000076,Current,2006-12-12,Active,7152.6
A000077,C000077,Current,2022-12-18,Active,15196.03
A000078,C000078,Savings,2021-06-26,Active,7528.12
A000079,C000079,Current,2015-05-29,Active,13085.49
A000080,C000080,Current,2019-07-07,Active,15431.75
A000081,C000081,Current,2026-04-01,Active,8590.8
A000082,C000082,Current,2008-08-03,Active,9384.39
A000083,C000083,Current,2010-06-24,Active,311.77
A000084,C000084,Savings,2022-01-22,Active,3326.88
A000085,C000085,Current,2024-10-08,Active,11154.06
A000086,C000086,Current,2025-02-05,Active,10691.9
A000087,C000087,Savings,2019-11-04,Active,6128.73
A000088,C000088,Current,2014-10-01,Active,9012.72
A000089,C000089,Current,2026-03-02,Active,3527.75
A000090,C000090,Savings,2015-07-28,Active,16639.7
A000091,C000091,Savings,2010-08-23,Active,16168.5
A000092,C000092,Current,2026-04-01,Active,11933.1
A000093,C000093,Savings,2010-10-22,Active,942.04
A000094,C000094,Savings,2020-06-01,Active,361.96
A000095,C000095,Current,2022-05-22,Active,11779.26
A000096,C000096,Current,2014-02-03,Active,17188.08
A000097,C000097,Current,2015-04-29,Active,7491.55
A000098,C000098,Savings,2021-09-24,Active,9983.71
A000099,C000099,Current,2017-11-14,Active,11082.7
A000100,C000100,Savings,2010-06-24,Active,2142.79
A000101,C000101,Current,2006-11-12,Active,1359.74
A000102,C000102,Current,2018-01-13,Active,7192.31
A000103,C000103,Savings,2020-07-01,Active,7289.48
A000104,C000104,Savings,2014-04-04,Active,13000.75
A000105,C000105,Current,2022-04-22,Active,2640.93
A000106,C000106,Current,2021-11-23,Active,15881.45
A000107,C000107,Current,2023-12-13,Active,10841.41
A000108,C000108,Current,2024-04-11,Active,9296.22
A000109,C000109,Current,2009-01-30,Active,14031.33
A000110,C000110,Savings,2008-12-01,Active,8566.77
A000111,C000111,Current,2011-09-17,Active,11814.97
A000112,C000112,Current,2025-07-05,Active,6880.6
A000113,C000113,Savings,2010-02-24,Active,7558.71
A000114,C000114,Current,2006-10-13,Active,14469.69
A000115,C000115,Current,2021-06-26,Active,14981.03
A000116,C000116,Savings,2018-04-13,Active,15339.71
A000117,C000117,Savings,2011-06-19,Active,11662.95
A000118,C000118,Current,2007-10-08,Active,15763.26
A000119,C000119,Current,2022-01-22,Active,9122.52
A000120,C000120,Current,2020-06-01,Active,7187.49
A000121,C000121,Current,2007-06-10,Active,11076.88
A000122,C000122,Savings,2021-10-24,Active,15431.01
A000123,C000123,Current,2020-05-02,Active,1366.71
A000124,C000124,Savings,2021-06-26,Active,11770.92
A000125,C000125,Savings,2017-03-19,Active,14556.06
A000126,C000126,Current,2007-10-08,Active,1542.59
A000127,C000127,Savings,2011-10-17,Active,7776.8
A000128,C000128,Current,2008-02-05,Active,7191.43
A000129,C000129,Current,2023-09-14,Active,4294.28
A000130,C000130,Savings,2012-12-10,Active,16059.45
A000131,C000131,Savings,2011-06-19,Active,5187.45
A000132,C000132,Current,2022-04-22,Active,3477.21
A000133,C000133,Current,2020-07-01,Active,14716.53
A000134,C000134,Current,2007-08-09,Active,16740.19
A000135,C000135,Current,2014-07-03,Active,4249.01
A000136,C000136,Savings,2012-04-14,Active,12651.96
A000137,C000137,Current,2017-09-15,Active,13514.15
A000138,C000138,Current,2009-11-26,Active,7353.8
A000139,C000139,Current,2024-12-07,Active,14294.15
A000140,C000140,Current,2016-09-20,Active,10698.63
A000141,C000141,Savings,2007-05-11,Active,2611.41
A000142,C000142,Current,2016-11-19,Active,8064.6
A000143,C000143,Current,2009-04-30,Active,13392.79
A000144,C000144,Current,2015-03-30,Active,4613.76
A000145,C000145,Current,2024-06-10,Active,17521.57
A000146,C000146,Current,2007-08-09,Active,9526.59
A000147,C000147,Current,2008-02-05,Active,7484.31
A000148,C000148,Current,2019-08-06,Active,10216.12
A000149,C000149,Savings,2011-07-19,Active,5857.0
A000150,C000150,Current,2021-01-27,Active,2262.59
A000151,C000151,Savings,2013-11-05,Active,1828.39
A000152,C000152,Current,2020-08-30,Active,902.08
A000153,C000153,Savings,2021-09-24,Active,12163.38
A000154,C000154,Current,2009-11-26,Active,13452.71
A000155,C000155,Savings,2024-04-11,Active,3305.44
A000156,C000156,Current,2026-03-02,Active,888.21
A000157,C000157,Savings,2020-12-28,Active,1126.37
A000158,C000158,Savings,2011-04-20,Active,4521.99
A000159,C000159,Savings,2017-02-17,Active,10856.56
A000160,C000160,Current,2007-03-12,Active,16207.93
A000161,C000161,Current,2022-04-22,Active,1958.04
A000162,C000162,Current,2012-04-14,Active,4349.25
A000163,C000163,Current,2019-12-04,Active,11368.2
A000164,C000164,Current,2025-07-05,Active,1237.11
A000165,C000165,Current,2015-09-26,Active,15256.43
A000166,C000166,Current,2009-10-27,Active,14372.06
A000167,C000167,Current,2006-10-13,Active,17940.7
A000168,C000168,Current,2020-01-03,Active,4782.88
A000169,C000169,Current,2010-08-23,Active,3716.45
A000170,C000170,Current,2009-05-30,Active,7674.68
A000171,C000171,Current,2020-08-30,Active,6128.99
A000172,C000172,Current,2007-07-10,Active,8311.77
A000173,C000173,Savings,2019-11-04,Active,15264.13
A000174,C000174,Savings,2026-04-01,Active,12139.08
A000175,C000175,Savings,2010-02-24,Active,1610.91
A000176,C000176,Savings,2026-05-01,Active,9852.65
A000177,C000177,Savings,2017-11-14,Active,7609.92
A000178,C000178,Current,2014-11-30,Active,5500.05
A000179,C000179,Current,2023-03-18,Active,8803.25
A000180,C000180,Savings,2012-03-15,Active,14693.76
A000181,C000181,Current,2024-01-12,Active,5708.97
A000182,C000182,Current,2021-02-26,Active,3347.84
A000183,C000183,Current,2014-07-03,Active,10366.05
A000184,C000184,Current,2019-06-07,Active,17982.92
A000185,C000185,Current,2010-09-22,Active,5767.59
A000186,C000186,Current,2019-10-05,Active,7422.99
A000187,C000187,Current,2024-04-11,Active,2621.76
A000188,C000188,Current,2020-08-30,Active,3281.08
A000189,C000189,Current,2011-10-17,Active,11523.05
A000190,C000190,Savings,2024-01-12,Active,10471.54
A000191,C000191,Current,2013-08-07,Active,14975.5
A000192,C000192,Current,2008-10-02,Active,16828.86
A000193,C000193,Savings,2013-11-05,Active,5113.44
A000194,C000194,Current,2017-05-18,Active,16359.75
A000195,C000195,Current,2010-07-24,Active,16086.84
A000196,C000196,Current,2024-05-11,Active,11650.37
A000197,C000197,Savings,2011-05-20,Active,12733.12
A000198,C000198,Savings,2010-10-22,Active,7920.05
A000199,C000199,Current,2017-02-17,Active,15719.78
A000200,C000200,Savings,2010-09-22,Active,15335.27
A000201,C000201,Current,2011-11-16,Active,9261.99
A000202,C000202,Savings,2014-09-01,Active,3557.84
A000203,C000203,Savings,2026-03-02,Active,2084.28
A000204,C000204,Current,2006-11-12,Active,12339.8
A000205,C000205,Savings,2016-04-23,Active,15004.12
A000206,C000206,Current,2026-05-01,Active,12163.98
A000207,C000207,Savings,2012-12-10,Active,3956.48
A000208,C000208,Savings,2024-07-10,Active,16022.45
A000209,C000209,Savings,2026-03-02,Active,11789.01
A000210,C000210,Current,2019-09-05,Active,11934.01
A000211,C000211,Savings,2019-02-07,Active,13560.92
A000212,C000212,Current,2007-06-10,Active,3234.72
A000213,C000213,Savings,2014-08-02,Active,1727.58
A000214,C000214,Current,2009-06-29,Active,15627.23
A000215,C000215,Current,2017-12-14,Active,14942.99
A000216,C000216,Savings,2021-07-26,Active,3050.05
A000217,C000217,Savings,2018-11-09,Active,6941.45
A000218,C000218,Current,2009-12-26,Active,6831.3
A000219,C000219,Current,2026-04-01,Active,4700.55
A000220,C000220,Current,2009-04-30,Active,3447.4
A000221,C000221,Current,2025-08-04,Active,6819.45
A000222,C000222,Savings,2021-04-27,Active,11382.74
A000223,C000223,Savings,2021-01-27,Active,9518.47
A000224,C000224,Current,2007-11-07,Active,7998.53
A000225,C000225,Current,2025-12-02,Active,12284.75
A000226,C000226,Savings,2023-05-17,Active,13126.21
A000227,C000227,Current,2021-08-25,Active,17337.21
A000228,C000228,Current,2026-05-01,Active,13887.71
A000229,C000229,Savings,2011-12-16,Active,359.78
A000230,C000230,Savings,2021-09-24,Active,300.62
A000231,C000231,Current,2008-09-02,Active,17905.04
A000232,C000232,Current,2022-09-19,Active,11349.85
A000233,C000233,Savings,2014-04-04,Active,9333.24
A000234,C000234,Current,2016-05-23,Active,3279.49
A000235,C000235,Current,2020-12-28,Active,16291.06
A000236,C000236,Current,2016-08-21,Active,15730.57
A000237,C000237,Savings,2021-02-26,Active,11171.16
A000238,C000238,Current,2020-05-02,Active,10321.46
A000239,C000239,Savings,2024-03-12,Active,7512.97
A000240,C000240,Savings,2016-04-23,Active,7528.64
A000241,C000241,Current,2018-02-12,Active,969.7
A000242,C000242,Current,2010-06-24,Active,4621.34
A000243,C000243,Savings,2007-04-11,Active,17796.59
A000244,C000244,Savings,2019-09-05,Active,11445.76
A000245,C000245,Current,2014-03-05,Active,6710.56
A000246,C000246,Savings,2015-03-30,Active,14106.34
A000247,C000247,Current,2019-05-08,Active,10293.39
A000248,C000248,Current,2021-08-25,Active,12429.76
A000249,C000249,Current,2011-11-16,Active,11790.84
A000250,C000250,Current,2025-10-03,Active,3568.29
A000251,C000251,Current,2012-10-11,Active,14389.66
A000252,C000252,Current,2013-05-09,Active,8026.56
A000253,C000253,Current,2016-03-24,Active,4012.75
A000254,C000254,Current,2010-06-24,Active,14782.76
A000255,C000255,Current,2018-09-10,Active,14191.3
A000256,C000256,Current,2016-10-20,Active,464.1
A000257,C000257,Savings,2019-06-07,Active,10650.35
A000258,C000258,Savings,2023-01-17,Active,10991.69
A000259,C000259,Savings,2011-09-17,Active,16481.74
A000260,C000260,Savings,2024-12-07,Active,4624.24
A000261,C000261,Savings,2025-03-07,Active,15330.21
A000262,C000262,Savings,2018-09-10,Active,3642.02
A000263,C000263,Current,2009-11-26,Active,6207.08
A000264,C000264,Current,2016-05-23,Active,10113.82
A000265,C000265,Current,2020-09-29,Active,711.72
A000266,C000266,Current,2008-09-02,Active,9378.19
A000267,C000267,Savings,2023-10-14,Active,10978.24
A000268,C000268,Current,2015-07-28,Active,435.47
A000269,C000269,Current,2011-08-18,Active,10097.29
A000270,C000270,Current,2024-08-09,Active,8132.38
A000271,C000271,Current,2014-01-04,Active,12324.07
A000272,C000272,Savings,2011-05-20,Active,8413.65
A000273,C000273,Current,2025-11-02,Active,14510.02
A000274,C000274,Savings,2008-11-01,Active,12027.84
A000275,C000275,Current,2026-03-02,Active,1626.27
A000276,C000276,Current,2022-04-22,Active,17953.74
A000277,C000277,Current,2010-10-22,Active,7760.11
A000278,C000278,Current,2020-03-03,Active,8522.49
A000279,C000279,Current,2024-03-12,Active,9553.06
A000280,C000280,Savings,2013-11-05,Active,14375.56
A000281,C000281,Current,2020-02-02,Active,12685.47
A000282,C000282,Savings,2017-05-18,Active,13072.12
A000283,C000283,Current,2013-10-06,Active,410.03
A000284,C000284,Current,2014-04-04,Active,10338.03
A000285,C000285,Savings,2022-11-18,Active,8066.56
A000286,C000286,Current,2021-09-24,Active,11967.12
A000287,C000287,Current,2016-12-19,Active,6243.63
A000288,C000288,Current,2021-05-27,Active,3978.01
A000289,C000289,Savings,2009-03-31,Active,9651.06
A000290,C000290,Current,2009-06-29,Active,3278.36
A000291,C000291,Current,2013-01-09,Active,4831.93
A000292,C000292,Current,2012-09-11,Active,16729.2
A000293,C000293,Savings,2026-04-01,Active,3736.27
A000294,C000294,Current,2008-03-06,Active,14744.52
A000295,C000295,Savings,2012-05-14,Active,8081.76
A000296,C000296,Current,2017-06-17,Active,977.15
A000297,C000297,Savings,2022-06-21,Active,1983.06
A000298,C000298,Savings,2025-09-03,Active,379.43
A000299,C000299,Savings,2018-04-13,Active,8511.23
A000300,C000300,Current,2013-02-08,Active,2022.29
A000301,C000301,Current,2019-02-07,Active,933.41
A000302,C000302,Savings,2016-09-20,Active,2399.46
A000303,C000303,Savings,2020-07-01,Active,12611.53
A000304,C000304,Current,2025-02-05,Active,9301.79
A000305,C000305,Current,2026-01-01,Active,4541.13
A000306,C000306,Current,2012-07-13,Active,5666.0
A000307,C000307,Current,2011-12-16,Active,1027.53
A000308,C000308,Current,2020-11-28,Active,16186.13
A000309,C000309,Current,2020-01-03,Active,7098.08
A000310,C000310,Savings,2010-12-21,Active,10196.4
A000311,C000311,Current,2016-01-24,Active,11625.27
A000312,C000312,Savings,2006-11-12,Active,5089.94
A000313,C000313,Savings,2025-05-06,Active,7534.31
A000314,C000314,Current,2015-09-26,Active,10434.81
A000315,C000315,Current,2012-03-15,Active,4544.65
A000316,C000316,Current,2020-01-03,Active,12911.63
A000317,C000317,Savings,2019-10-05,Active,7831.96
A000318,C000318,Current,2007-10-08,Active,12806.47
A000319,C000319,Current,2024-10-08,Active,17345.68
A000320,C000320,Savings,2007-08-09,Active,8327.49
A000321,C000321,Savings,2015-10-26,Active,7638.67
A000322,C000322,Savings,2026-05-31,Active,15769.73
A000323,C000323,Current,2020-04-02,Active,11918.29
A000324,C000324,Current,2009-01-30,Active,12459.5
A000325,C000325,Savings,2009-12-26,Active,12156.98
A000326,C000326,Current,2016-07-22,Active,4077.91
A000327,C000327,Current,2015-02-28,Active,13302.74
A000328,C000328,Current,2008-10-02,Active,11198.64
A000329,C000329,Savings,2023-03-18,Active,16937.97
A000330,C000330,Current,2011-10-17,Active,9848.19
A000331,C000331,Current,2011-12-16,Active,5913.78
A000332,C000332,Savings,2024-10-08,Active,2722.44
A000333,C000333,Savings,2017-04-18,Active,12787.66
A000334,C000334,Savings,2007-01-11,Active,4801.29
A000335,C000335,Current,2026-03-02,Active,8708.52
A000336,C000336,Current,2013-02-08,Active,269.58
A000337,C000337,Current,2013-03-10,Active,17296.35
A000338,C000338,Savings,2009-05-30,Active,10596.43
A000339,C000339,Current,2017-06-17,Active,17321.92
A000340,C000340,Savings,2007-01-11,Active,12880.98
A000341,C000341,Savings,2016-12-19,Active,13271.47
A000342,C000342,Savings,2023-10-14,Active,15554.31
A000343,C000343,Current,2016-03-24,Active,10116.68
A000344,C000344,Current,2011-01-20,Active,7728.56
A000345,C000345,Current,2016-08-21,Active,4335.42
A000346,C000346,Current,2011-10-17,Active,14327.05
A000347,C000347,Current,2007-12-07,Active,17885.78
A000348,C000348,Current,2020-07-31,Active,14888.72
A000349,C000349,Current,2025-10-03,Active,5066.73
A000350,C000350,Current,2008-02-05,Active,13459.77
A000351,C000351,Current,2018-03-14,Active,3779.43
A000352,C000352,Savings,2022-09-19,Active,11538.09
A000353,C000353,Savings,2021-09-24,Active,6358.06
A000354,C000354,Current,2015-12-25,Active,10901.48
A000355,C000355,Current,2011-05-20,Active,1940.23
A000356,C000356,Current,2025-05-06,Active,17882.17
A000357,C000357,Current,2007-01-11,Active,11083.3
A000358,C000358,Current,2010-04-25,Active,15387.89
A000359,C000359,Current,2012-10-11,Active,1804.31
A000360,C000360,Current,2019-04-08,Active,13731.22
A000361,C000361,Savings,2018-07-12,Active,6375.92
A000362,C000362,Savings,2008-01-06,Active,15142.76
A000363,C000363,Current,2018-09-10,Active,3938.45
A000364,C000364,Current,2011-09-17,Active,8409.15
A000365,C000365,Savings,2022-06-21,Active,10430.87
A000366,C000366,Savings,2017-01-18,Active,1551.25
A000367,C000367,Savings,2021-06-26,Active,13424.12
A000368,C000368,Savings,2022-04-22,Active,9919.38
A000369,C000369,Current,2018-01-13,Active,7287.89
A000370,C000370,Current,2022-09-19,Active,14110.06
A000371,C000371,Current,2013-03-10,Active,4371.86
A000372,C000372,Savings,2023-03-18,Active,869.18
A000373,C000373,Current,2010-10-22,Active,488.55
A000374,C000374,Savings,2019-10-05,Active,12917.89
A000375,C000375,Current,2018-11-09,Active,3997.85
A000376,C000376,Current,2007-05-11,Active,17450.51
A000377,C000377,Savings,2010-01-25,Active,6365.42
A000378,C000378,Savings,2012-06-13,Active,7714.54
A000379,C000379,Current,2017-01-18,Active,6132.5
A000380,C000380,Savings,2019-11-04,Active,1959.97
A000381,C000381,Savings,2008-07-04,Active,17628.9
A000382,C000382,Savings,2025-08-04,Active,11295.02
A000383,C000383,Savings,2017-03-19,Active,14737.7
A000384,C000384,Current,2026-01-31,Active,3998.1
A000385,C000385,Current,2016-07-22,Active,17309.35
A000386,C000386,Savings,2024-08-09,Active,4031.06
A000387,C000387,Savings,2008-06-04,Active,1171.98
A000388,C000388,Current,2020-01-03,Active,2271.39
A000389,C000389,Current,2012-07-13,Active,9920.87
A000390,C000390,Current,2012-09-11,Active,17326.02
A000391,C000391,Current,2021-04-27,Active,11584.62
A000392,C000392,Current,2019-07-07,Active,13523.67
A000393,C000393,Savings,2014-10-31,Active,11315.08
A000394,C000394,Current,2008-10-02,Active,16798.69
A000395,C000395,Current,2012-04-14,Active,12326.37
A000396,C000396,Current,2024-12-07,Active,8538.28
A000397,C000397,Savings,2022-01-22,Active,646.2
A000398,C000398,Savings,2015-04-29,Active,5259.78
A000399,C000399,Current,2018-05-13,Active,5298.32
A000400,C000400,Current,2025-01-06,Active,6499.79
A000401,C000401,Current,2024-08-09,Active,10699.08
A000402,C000402,Current,2010-09-22,Active,11518.67
A000403,C000403,Current,2025-08-04,Active,17021.48
A000404,C000404,Savings,2008-06-04,Active,13659.73
A000405,C000405,Current,2009-03-01,Active,17429.11
A000406,C000406,Current,2007-03-12,Active,776.31
A000407,C000407,Current,2014-11-30,Active,17717.03
A000408,C000408,Current,2021-05-27,Active,13933.79
A000409,C000409,Savings,2011-03-21,Active,17175.05
A000410,C000410,Savings,2007-05-11,Active,16004.73
A000411,C000411,Current,2023-07-16,Active,17498.94
A000412,C000412,Current,2008-03-06,Active,17899.72
A000413,C000413,Current,2013-08-07,Active,11257.62
A000414,C000414,Savings,2024-08-09,Active,12730.37
A000415,C000415,Current,2017-05-18,Active,4021.5
A000416,C000416,Savings,2012-04-14,Active,5323.53
A000417,C000417,Current,2019-12-04,Active,2648.66
A000418,C000418,Current,2022-03-23,Active,16026.21
A000419,C000419,Current,2016-07-22,Active,3350.61
A000420,C000420,Savings,2009-03-01,Active,12186.23
A000421,C000421,Current,2014-01-04,Active,13434.5
A000422,C000422,Current,2023-08-15,Active,9555.0
A000423,C000423,Savings,2022-04-22,Active,5183.8
A000424,C000424,Current,2007-01-11,Active,6970.8
A000425,C000425,Current,2019-01-08,Active,5363.7
A000426,C000426,Current,2008-06-04,Active,9727.55
A000427,C000427,Current,2012-11-10,Active,2410.38
A000428,C000428,Current,2023-07-16,Active,7440.86
A000429,C000429,Current,2010-05-25,Active,15568.83
A000430,C000430,Current,2019-10-05,Active,801.26
A000431,C000431,Savings,2024-05-11,Active,9549.84
A000432,C000432,Current,2011-04-20,Active,13981.99
A000433,C000433,Savings,2009-01-30,Active,5391.97
A000434,C000434,Current,2019-09-05,Active,3475.73
A000435,C000435,Savings,2011-12-16,Active,10947.01
A000436,C000436,Current,2011-11-16,Active,10521.97
A000437,C000437,Current,2013-02-08,Active,7492.5
A000438,C000438,Current,2024-08-09,Active,10511.09
A000439,C000439,Current,2008-08-03,Active,13998.27
A000440,C000440,Current,2013-12-05,Active,8171.6
A000441,C000441,Savings,2023-03-18,Active,4975.67
A000442,C000442,Savings,2010-05-25,Active,6443.73
A000443,C000443,Current,2008-01-06,Active,14685.2
A000444,C000444,Current,2010-08-23,Active,7625.56
A000445,C000445,Current,2021-12-23,Active,10981.64
A000446,C000446,Savings,2011-02-19,Active,16156.94
A000447,C000447,Savings,2016-12-19,Active,6891.37
A000448,C000448,Current,2022-11-18,Active,10045.91
A000449,C000449,Current,2025-05-06,Active,12416.7
A000450,C000450,Current,2012-08-12,Active,8256.55
A000451,C000451,Current,2010-03-26,Active,1720.67
A000452,C000452,Current,2023-05-17,Active,9378.29
A000453,C000453,Current,2022-07-21,Active,1939.17
A000454,C000454,Current,2023-09-14,Active,8142.19
A000455,C000455,Savings,2010-07-24,Active,2733.75
A000456,C000456,Savings,2017-09-15,Active,281.23
A000457,C000457,Savings,2019-12-04,Active,10664.7
A000458,C000458,Savings,2007-06-10,Active,6861.86
A000459,C000459,Current,2012-10-11,Active,2196.41
A000460,C000460,Current,2022-06-21,Active,9610.81
A000461,C000461,Current,2023-08-15,Active,12212.65
A000462,C000462,Savings,2025-04-06,Active,11518.34
A000463,C000463,Current,2011-09-17,Active,17425.49
A000464,C000464,Savings,2019-09-05,Active,15972.54
A000465,C000465,Current,2008-07-04,Active,17130.96
A000466,C000466,Current,2016-08-21,Active,7641.99
A000467,C000467,Savings,2024-10-08,Active,8425.63
A000468,C000468,Savings,2014-11-30,Active,10570.35
A000469,C000469,Savings,2017-05-18,Active,2784.5
A000470,C000470,Current,2023-12-13,Active,10734.26
A000471,C000471,Current,2008-09-02,Active,14212.16
A000472,C000472,Current,2025-02-05,Active,3706.78
A000473,C000473,Current,2014-05-04,Active,17150.7
A000474,C000474,Savings,2012-10-11,Active,2476.02
A000475,C000475,Current,2008-11-01,Active,1200.07
A000476,C000476,Current,2019-11-04,Active,10493.65
A000477,C000477,Current,2020-07-01,Active,17360.44
A000478,C000478,Savings,2023-08-15,Active,4735.96
A000479,C000479,Savings,2010-05-25,Active,516.34
A000480,C000480,Savings,2013-06-08,Active,1975.17
A000481,C000481,Savings,2011-01-20,Active,12263.88
A000482,C000482,Current,2012-12-10,Active,9841.1
A000483,C000483,Current,2007-12-07,Active,3330.25
A000484,C000484,Savings,2024-11-07,Active,17027.5
A000485,C000485,Savings,2021-06-26,Active,13386.58
A000486,C000486,Savings,2017-08-16,Active,5138.44
A000487,C000487,Current,2020-05-02,Active,10233.07
A000488,C000488,Savings,2022-10-19,Active,12505.08
A000489,C000489,Current,2010-06-24,Active,5232.93
A000490,C000490,Savings,2009-06-29,Active,9482.67
A000491,C000491,Savings,2023-08-15,Active,3942.68
A000492,C000492,Current,2010-08-23,Active,13813.31
A000493,C000493,Savings,2006-12-12,Active,12813.4
A000494,C000494,Current,2007-08-09,Active,14765.19
A000495,C000495,Current,2022-12-18,Active,4240.41
A000496,C000496,Savings,2014-09-01,Active,6987.97
A000497,C000497,Savings,2009-04-30,Active,14106.06
A000498,C000498,Current,2013-06-08,Active,15195.65
A000499,C000499,Current,2016-08-21,Active,1881.12
A000500,C000500,Savings,2007-07-10,Active,10222.59
A000501,C000501,Savings,2025-09-03,Active,10349.52
A000502,C000502,Savings,2008-03-06,Active,4634.76
A000503,C000503,Current,2022-04-22,Active,5870.19
A000504,C000504,Savings,2010-05-25,Active,4823.75
A000505,C000505,Current,2010-05-25,Active,12838.02
A000506,C000506,Current,2013-06-08,Active,2681.18
A000507,C000507,Savings,2015-07-28,Active,1576.4
A000508,C000508,Current,2024-09-08,Active,16082.42
A000509,C000509,Current,2012-02-14,Active,7861.29
A000510,C000510,Current,2015-03-30,Active,13483.88
A000511,C000511,Current,2016-02-23,Active,12878.0
A000512,C000512,Current,2015-08-27,Active,7987.77
A000513,C000513,Savings,2007-12-07,Active,16760.58
A000514,C000514,Savings,2024-01-12,Active,9035.86
A000515,C000515,Current,2021-03-28,Active,8034.83
A000516,C000516,Savings,2023-12-13,Active,8392.18
A000517,C000517,Current,2022-06-21,Active,3170.06
A000518,C000518,Current,2015-07-28,Active,9964.96
A000519,C000519,Current,2018-02-12,Active,4823.86
A000520,C000520,Savings,2015-11-25,Active,9485.91
A000521,C000521,Current,2022-07-21,Active,3534.32
A000522,C000522,Current,2019-12-04,Active,10411.02
A000523,C000523,Current,2009-03-01,Active,6675.39
A000524,C000524,Current,2015-07-28,Active,11639.89
A000525,C000525,Current,2025-03-07,Active,14090.15
A000526,C000526,Savings,2017-08-16,Active,600.79
A000527,C000527,Current,2016-04-23,Active,759.59
A000528,C000528,Current,2016-05-23,Active,8450.63
A000529,C000529,Current,2019-04-08,Active,5079.44
A000530,C000530,Savings,2021-08-25,Active,10085.29
A000531,C000531,Savings,2009-06-29,Active,6472.37
A000532,C000532,Current,2018-10-10,Active,16503.4
A000533,C000533,Savings,2015-07-28,Active,1740.99
A000534,C000534,Current,2020-10-29,Active,13679.1
A000535,C000535,Current,2010-04-25,Active,5185.66
A000536,C000536,Savings,2019-09-05,Active,13692.2
A000537,C000537,Current,2020-08-30,Active,14213.54
A000538,C000538,Current,2011-03-21,Active,13523.82
A000539,C000539,Savings,2020-02-02,Active,17996.45
A000540,C000540,Current,2019-09-05,Active,13909.83
A000541,C000541,Current,2014-12-30,Active,9524.32
A000542,C000542,Current,2007-01-11,Active,14282.91
A000543,C000543,Current,2017-07-17,Active,12987.32
A000544,C000544,Savings,2014-07-03,Active,2296.92
A000545,C000545,Current,2019-05-08,Active,14702.62
A000546,C000546,Current,2019-10-05,Active,4774.33
A000547,C000547,Current,2017-07-17,Active,8292.1
A000548,C000548,Current,2026-03-02,Active,4224.02
A000549,C000549,Current,2009-07-29,Active,7181.29
A000550,C000550,Current,2019-03-09,Active,8351.83
A000551,C000551,Savings,2019-08-06,Active,14837.56
A000552,C000552,Current,2022-04-22,Active,8298.53
A000553,C000553,Current,2018-06-12,Active,3416.08
A000554,C000554,Current,2016-08-21,Active,11306.58
A000555,C000555,Savings,2016-12-19,Active,11608.67
A000556,C000556,Current,2018-06-12,Active,258.04
A000557,C000557,Current,2017-11-14,Active,16804.92
A000558,C000558,Current,2024-03-12,Active,10422.4
A000559,C000559,Savings,2017-11-14,Active,13702.06
A000560,C000560,Current,2023-02-16,Active,10619.83
A000561,C000561,Savings,2026-01-31,Active,8633.13
A000562,C000562,Current,2021-05-27,Active,5905.49
A000563,C000563,Savings,2020-09-29,Active,15133.1
A000564,C000564,Savings,2024-01-12,Active,9601.07
A000565,C000565,Current,2020-07-01,Active,13175.09
A000566,C000566,Savings,2008-04-05,Active,16342.66
A000567,C000567,Savings,2025-06-05,Active,9147.41
A000568,C000568,Savings,2017-03-19,Active,17512.41
A000569,C000569,Savings,2014-06-03,Active,434.13
A000570,C000570,Current,2007-08-09,Active,17763.54
A000571,C000571,Current,2007-06-10,Active,9784.97
A000572,C000572,Current,2020-06-01,Active,11992.37
A000573,C000573,Savings,2022-01-22,Active,5908.73
A000574,C000574,Current,2022-09-19,Active,10508.5
A000575,C000575,Savings,2013-10-06,Active,4128.63
A000576,C000576,Current,2025-09-03,Active,17325.28
A000577,C000577,Current,2014-11-30,Active,6865.25
A000578,C000578,Savings,2019-03-09,Active,5204.78
A000579,C000579,Current,2025-01-06,Active,15883.64
A000580,C000580,Current,2012-06-13,Active,12348.05
A000581,C000581,Current,2014-05-04,Active,961.84
A000582,C000582,Savings,2024-07-10,Active,10885.36
A000583,C000583,Current,2018-08-11,Active,3868.82
A000584,C000584,Savings,2023-11-13,Active,5964.04
A000585,C000585,Current,2025-12-02,Active,17710.82
A000586,C000586,Current,2012-08-12,Active,9554.54
A000587,C000587,Current,2013-12-05,Active,9980.01
A000588,C000588,Current,2009-09-27,Active,16412.28
A000589,C000589,Current,2022-11-18,Active,10222.12
A000590,C000590,Savings,2023-06-16,Active,11820.74
A000591,C000591,Current,2015-11-25,Active,2427.58
A000592,C000592,Current,2025-01-06,Active,17241.96
A000593,C000593,Current,2014-02-03,Active,3253.74
A000594,C000594,Current,2023-06-16,Active,17664.1
A000595,C000595,Savings,2012-08-12,Active,10143.62
A000596,C000596,Savings,2026-04-01,Active,12769.5
A000597,C000597,Savings,2025-12-02,Active,1271.7
A000598,C000598,Current,2021-09-24,Active,1894.09
A000599,C000599,Current,2017-09-15,Active,8439.3
A000600,C000600,Savings,2009-11-26,Active,805.49
A000601,C000601,Current,2012-02-14,Active,5945.88
A000602,C000602,Savings,2009-11-26,Active,11013.85
A000603,C000603,Savings,2018-07-12,Active,11117.97
A000604,C000604,Current,2023-04-17,Active,16065.91
A000605,C000605,Current,2022-08-20,Active,3895.78
A000606,C000606,Current,2022-11-18,Active,13059.64
A000607,C000607,Current,2019-10-05,Active,6015.85
A000608,C000608,Current,2020-07-01,Active,17276.93
A000609,C000609,Current,2023-09-14,Active,559.77
A000610,C000610,Current,2008-10-02,Active,13942.92
A000611,C000611,Savings,2019-10-05,Active,4098.45
A000612,C000612,Current,2015-03-30,Active,13334.15
A000613,C000613,Current,2023-08-15,Active,2909.36
A000614,C000614,Savings,2010-03-26,Active,15226.45
A000615,C000615,Current,2025-08-04,Active,15506.45
A000616,C000616,Current,2019-04-08,Active,17855.0
A000617,C000617,Current,2010-11-21,Active,17133.71
A000618,C000618,Current,2010-11-21,Active,9394.43
A000619,C000619,Savings,2021-12-23,Active,3637.23
A000620,C000620,Current,2015-08-27,Active,10224.07
A000621,C000621,Savings,2015-09-26,Active,6273.83
A000622,C000622,Savings,2024-05-11,Active,7691.49
A000623,C000623,Savings,2018-02-12,Active,15020.6
A000624,C000624,Current,2007-02-10,Active,1187.71
A000625,C000625,Current,2025-07-05,Active,15123.09
A000626,C000626,Savings,2015-05-29,Active,5949.42
A000627,C000627,Current,2016-06-22,Active,16269.29
A000628,C000628,Current,2009-11-26,Active,1082.07
A000629,C000629,Current,2015-04-29,Active,10626.54
A000630,C000630,Current,2025-05-06,Active,12160.17
A000631,C000631,Current,2008-07-04,Active,16056.37
A000632,C000632,Current,2022-02-21,Active,8567.52
A000633,C000633,Current,2018-10-10,Active,10603.65
A000634,C000634,Savings,2022-08-20,Active,7425.7
A000635,C000635,Current,2024-07-10,Active,9159.11
A000636,C000636,Current,2023-11-13,Active,14317.89
A000637,C000637,Current,2010-12-21,Active,5810.95
A000638,C000638,Savings,2020-05-02,Active,3804.97
A000639,C000639,Savings,2015-05-29,Active,12577.31
A000640,C000640,Current,2017-04-18,Active,14738.49
A000641,C000641,Current,2019-11-04,Active,13788.98
A000642,C000642,Current,2014-03-05,Active,5537.14
A000643,C000643,Current,2019-10-05,Active,4370.57
A000644,C000644,Current,2018-10-10,Active,1435.99
A000645,C000645,Current,2014-07-03,Active,8946.71
A000646,C000646,Current,2020-07-01,Active,10513.31
A000647,C000647,Current,2014-11-30,Active,15085.85
A000648,C000648,Current,2019-10-05,Active,3126.06
A000649,C000649,Current,2022-08-20,Active,382.05
A000650,C000650,Savings,2008-05-05,Active,7749.65
A000651,C000651,Current,2011-11-16,Active,9257.07
A000652,C000652,Current,2026-03-02,Active,10862.06
A000653,C000653,Current,2011-08-18,Active,14837.01
A000654,C000654,Current,2023-10-14,Active,10180.76
A000655,C000655,Current,2025-04-06,Active,15568.05
A000656,C000656,Current,2011-07-19,Active,3448.44
A000657,C000657,Current,2020-02-02,Active,5350.01
A000658,C000658,Savings,2011-02-19,Active,17897.16
A000659,C000659,Current,2021-07-26,Active,1706.62
A000660,C000660,Current,2010-07-24,Active,17555.9
A000661,C000661,Savings,2019-07-07,Active,10956.54
A000662,C000662,Current,2020-02-02,Active,1655.29
A000663,C000663,Savings,2008-01-06,Active,10251.13
A000664,C000664,Current,2016-12-19,Active,16031.27
A000665,C000665,Current,2012-12-10,Active,13716.4
A000666,C000666,Current,2021-02-26,Active,10607.57
A000667,C000667,Current,2023-03-18,Active,5711.54
A000668,C000668,Savings,2009-03-01,Active,14483.45
A000669,C000669,Current,2021-09-24,Active,15001.76
A000670,C000670,Current,2015-08-27,Active,325.8
A000671,C000671,Current,2024-05-11,Active,10962.05
A000672,C000672,Current,2019-12-04,Active,3731.94
A000673,C000673,Savings,2007-12-07,Active,15796.0
A000674,C000674,Current,2013-06-08,Active,2066.16
A000675,C000675,Current,2024-04-11,Active,1034.42
A000676,C000676,Savings,2018-01-13,Active,10075.29
A000677,C000677,Current,2024-02-11,Active,17655.49
A000678,C000678,Current,2024-11-07,Active,3015.87
A000679,C000679,Current,2019-11-04,Active,5961.55
A000680,C000680,Savings,2015-01-29,Active,1107.86
A000681,C000681,Current,2018-12-09,Active,17398.02
A000682,C000682,Savings,2007-12-07,Active,3182.13
A000683,C000683,Savings,2025-07-05,Active,12738.16
A000684,C000684,Current,2010-03-26,Active,15208.95
A000685,C000685,Savings,2018-01-13,Active,6093.54
A000686,C000686,Savings,2010-06-24,Active,6529.08
A000687,C000687,Savings,2012-06-13,Active,14149.84
A000688,C000688,Savings,2022-06-21,Active,15727.04
A000689,C000689,Current,2011-03-21,Active,10886.55
A000690,C000690,Savings,2013-10-06,Active,8348.84
A000691,C000691,Current,2013-01-09,Active,11267.66
A000692,C000692,Savings,2006-10-13,Active,1057.38
A000693,C000693,Current,2007-12-07,Active,942.53
A000694,C000694,Current,2011-02-19,Active,1313.11
A000695,C000695,Current,2014-12-30,Active,2990.43
A000696,C000696,Savings,2016-12-19,Active,16769.96
A000697,C000697,Current,2023-07-16,Active,16525.42
A000698,C000698,Current,2018-09-10,Active,4622.66
A000699,C000699,Current,2016-03-24,Active,14700.86
A000700,C000700,Current,2019-10-05,Active,11128.96
A000701,C000701,Current,2025-04-06,Active,5814.46
A000702,C000702,Current,2009-03-31,Active,2202.1
A000703,C000703,Current,2021-06-26,Active,1644.67
A000704,C000704,Current,2010-08-23,Active,15428.78
A000705,C000705,Current,2012-10-11,Active,10390.79
A000706,C000706,Current,2008-03-06,Active,5663.55
A000707,C000707,Savings,2017-01-18,Active,10247.25
A000708,C000708,Savings,2008-11-01,Active,4849.99
A000709,C000709,Current,2013-06-08,Active,7317.26
A000710,C000710,Current,2022-02-21,Active,4035.74
A000711,C000711,Current,2025-01-06,Active,3993.91
A000712,C000712,Savings,2016-09-20,Active,12387.87
A000713,C000713,Savings,2019-11-04,Active,14615.54
A000714,C000714,Current,2024-04-11,Active,2953.19
A000715,C000715,Current,2010-01-25,Active,16967.22
A000716,C000716,Current,2014-10-01,Active,5151.82
A000717,C000717,Savings,2026-05-31,Active,10792.47
A000718,C000718,Current,2014-11-30,Active,13474.26
A000719,C000719,Current,2008-09-02,Active,4327.07
A000720,C000720,Current,2006-11-12,Active,343.6
A000721,C000721,Current,2016-05-23,Active,6776.49
A000722,C000722,Savings,2010-04-25,Active,3658.01
A000723,C000723,Current,2016-08-21,Active,10683.39
A000724,C000724,Savings,2007-07-10,Active,11169.92
A000725,C000725,Current,2022-03-23,Active,4134.79
A000726,C000726,Savings,2019-11-04,Active,5908.79
A000727,C000727,Current,2025-02-05,Active,17913.06
A000728,C000728,Savings,2026-03-02,Active,12763.32
A000729,C000729,Current,2019-11-04,Active,2173.6
A000730,C000730,Current,2022-08-20,Active,16947.52
A000731,C000731,Current,2020-12-28,Active,12769.82
A000732,C000732,Current,2023-10-14,Active,5170.7
A000733,C000733,Current,2026-01-31,Active,10985.19
A000734,C000734,Savings,2009-03-01,Active,11912.78
A000735,C000735,Current,2019-10-05,Active,684.31
A000736,C000736,Current,2012-10-11,Active,10486.63
A000737,C000737,Current,2026-04-01,Active,8700.17
A000738,C000738,Savings,2021-04-27,Active,17502.88
A000739,C000739,Current,2018-12-09,Active,10640.57
A000740,C000740,Current,2020-07-31,Active,9456.67
A000741,C000741,Savings,2016-05-23,Active,6301.21
A000742,C000742,Savings,2026-01-01,Active,13437.47
A000743,C000743,Savings,2022-01-22,Active,7470.12
A000744,C000744,Current,2012-05-14,Active,8067.99
A000745,C000745,Current,2016-07-22,Active,6220.69
A000746,C000746,Savings,2017-06-17,Active,6200.27
A000747,C000747,Current,2010-07-24,Active,6288.51
A000748,C000748,Current,2007-05-11,Active,13642.26
A000749,C000749,Current,2016-05-23,Active,6809.42
A000750,C000750,Current,2018-01-13,Active,12750.75
A000751,C000751,Current,2019-06-07,Active,1269.04
A000752,C000752,Savings,2016-01-24,Active,15627.5
A000753,C000753,Current,2011-03-21,Active,15591.65
A000754,C000754,Current,2014-05-04,Active,3294.46
A000755,C000755,Current,2020-12-28,Active,6054.55
A000756,C000756,Current,2009-12-26,Active,12943.92
A000757,C000757,Savings,2014-10-31,Active,16105.97
A000758,C000758,Current,2020-10-29,Active,8451.69
A000759,C000759,Savings,2016-03-24,Active,16875.58
A000760,C000760,Current,2020-03-03,Active,16953.87
A000761,C000761,Current,2015-11-25,Active,12688.07
A000762,C000762,Savings,2009-05-30,Active,17047.81
A000763,C000763,Current,2011-06-19,Active,2007.32
A000764,C000764,Current,2021-10-24,Active,1088.6
A000765,C000765,Savings,2023-01-17,Active,5588.0
A000766,C000766,Current,2022-11-18,Active,16973.12
A000767,C000767,Savings,2016-10-20,Active,9089.58
A000768,C000768,Current,2023-11-13,Active,17764.54
A000769,C000769,Current,2021-04-27,Active,11525.11
A000770,C000770,Savings,2020-01-03,Active,7193.12
A000771,C000771,Savings,2026-05-01,Active,7388.43
A000772,C000772,Savings,2011-10-17,Active,15534.38
A000773,C000773,Current,2018-02-12,Active,6732.23
A000774,C000774,Current,2021-12-23,Active,11443.56
A000775,C000775,Current,2023-01-17,Active,1455.88
A000776,C000776,Current,2007-08-09,Active,9251.41
A000777,C000777,Savings,2009-04-30,Active,5544.39
A000778,C000778,Current,2013-04-09,Active,17077.69
A000779,C000779,Savings,2014-04-04,Active,17634.72
A000780,C000780,Current,2012-10-11,Active,15540.89
A000781,C000781,Savings,2011-11-16,Active,17869.42
A000782,C000782,Current,2026-04-01,Active,10953.68
A000783,C000783,Current,2008-03-06,Active,17259.45
A000784,C000784,Current,2010-11-21,Active,17823.71
A000785,C000785,Current,2007-12-07,Active,15538.88
A000786,C000786,Current,2011-01-20,Active,2311.37
A000787,C000787,Savings,2026-04-01,Active,9002.52
A000788,C000788,Current,2018-06-12,Active,10065.4
A000789,C000789,Current,2007-02-10,Active,11145.23
A000790,C000790,Savings,2025-05-06,Active,12225.95
A000791,C000791,Savings,2022-07-21,Active,1458.36
A000792,C000792,Current,2026-01-01,Active,2525.75
A000793,C000793,Savings,2016-02-23,Active,7717.05
A000794,C000794,Current,2016-08-21,Active,1001.72
A000795,C000795,Savings,2011-06-19,Active,7822.8
A000796,C000796,Current,2013-02-08,Active,13190.36
A000797,C000797,Current,2024-05-11,Active,7980.05
A000798,C000798,Current,2010-05-25,Active,14740.86
A000799,C000799,Current,2009-04-30,Active,985.01
A000800,C000800,Current,2020-06-01,Active,11136.44
A000801,C000801,Savings,2007-04-11,Active,13005.24
A000802,C000802,Current,2012-05-14,Active,4428.01
A000803,C000803,Current,2015-04-29,Active,2632.22
A000804,C000804,Current,2012-06-13,Active,9804.11
A000805,C000805,Current,2014-02-03,Active,13101.71
A000806,C000806,Current,2021-02-26,Active,15810.3
A000807,C000807,Savings,2021-01-27,Active,1682.58
A000808,C000808,Current,2007-02-10,Active,1854.22
A000809,C000809,Current,2012-12-10,Active,1803.92
A000810,C000810,Savings,2011-08-18,Active,11051.75
A000811,C000811,Current,2010-03-26,Active,4069.05
A000812,C000812,Current,2018-11-09,Active,17471.25
A000813,C000813,Current,2014-03-05,Active,2106.81
A000814,C000814,Savings,2014-07-03,Active,3247.16
A000815,C000815,Savings,2012-05-14,Active,11738.51
A000816,C000816,Current,2022-04-22,Active,9140.69
A000817,C000817,Current,2020-08-30,Active,9953.5
A000818,C000818,Current,2025-10-03,Active,8605.04
A000819,C000819,Current,2021-10-24,Active,7885.47
A000820,C000820,Current,2023-01-17,Active,609.65
A000821,C000821,Current,2013-07-08,Active,6798.27
A000822,C000822,Savings,2015-12-25,Active,6346.2
A000823,C000823,Current,2025-07-05,Active,14052.52
A000824,C000824,Current,2007-07-10,Active,7600.06
A000825,C000825,Savings,2012-05-14,Active,2576.33
A000826,C000826,Current,2020-06-01,Active,10189.19
A000827,C000827,Current,2018-02-12,Active,1869.72
A000828,C000828,Current,2019-07-07,Active,7625.86
A000829,C000829,Savings,2022-12-18,Active,10674.27
A000830,C000830,Current,2012-03-15,Active,4363.0
A000831,C000831,Current,2022-09-19,Active,13617.54
A000832,C000832,Savings,2016-12-19,Active,9586.09
A000833,C000833,Savings,2022-11-18,Active,4153.41
A000834,C000834,Current,2009-03-31,Active,4621.68
A000835,C000835,Savings,2013-02-08,Active,649.59
A000836,C000836,Current,2020-08-30,Active,3043.54
A000837,C000837,Savings,2018-06-12,Active,12390.14
A000838,C000838,Savings,2014-11-30,Active,11226.6
A000839,C000839,Current,2010-01-25,Active,6244.04
A000840,C000840,Current,2019-04-08,Active,14236.34
A000841,C000841,Current,2020-01-03,Active,1669.62
A000842,C000842,Current,2008-08-03,Active,5982.18
A000843,C000843,Current,2022-02-21,Active,12312.5
A000844,C000844,Current,2026-05-31,Active,889.67
A000845,C000845,Savings,2025-03-07,Active,1760.96
A000846,C000846,Current,2014-05-04,Active,6203.52
A000847,C000847,Current,2025-06-05,Active,265.8
A000848,C000848,Savings,2012-10-11,Active,12707.05
A000849,C000849,Current,2023-01-17,Active,3512.2
A000850,C000850,Savings,2013-04-09,Active,1049.22
A000851,C000851,Current,2008-02-05,Active,11448.63
A000852,C000852,Current,2015-12-25,Active,6551.75
A000853,C000853,Current,2019-10-05,Active,7803.8
A000854,C000854,Current,2017-05-18,Active,10620.69
A000855,C000855,Current,2010-08-23,Active,5623.22
A000856,C000856,Savings,2012-07-13,Active,14405.11
A000857,C000857,Current,2019-03-09,Active,7725.3
A000858,C000858,Current,2009-03-01,Active,599.9
A000859,C000859,Current,2007-02-10,Active,10465.98
A000860,C000860,Savings,2019-08-06,Active,10387.3
A000861,C000861,Savings,2022-06-21,Active,377.66
A000862,C000862,Current,2017-11-14,Active,6283.28
A000863,C000863,Savings,2015-05-29,Active,2930.26
A000864,C000864,Current,2018-05-13,Active,11326.11
A000865,C000865,Savings,2011-10-17,Active,9012.52
A000866,C000866,Current,2023-01-17,Active,8886.49
A000867,C000867,Current,2016-02-23,Active,9627.11
A000868,C000868,Current,2012-08-12,Active,16184.12
A000869,C000869,Current,2007-11-07,Active,1312.55
A000870,C000870,Current,2022-09-19,Active,8250.92
A000871,C000871,Savings,2016-03-24,Active,12460.51
A000872,C000872,Current,2022-01-22,Active,11903.11
A000873,C000873,Current,2009-08-28,Active,1730.43
A000874,C000874,Current,2025-04-06,Active,9540.9
A000875,C000875,Current,2018-10-10,Active,2160.31
A000876,C000876,Savings,2008-11-01,Active,14191.04
A000877,C000877,Current,2007-02-10,Active,2000.9
A000878,C000878,Savings,2026-01-31,Active,13907.15
A000879,C000879,Savings,2013-08-07,Active,2684.4
A000880,C000880,Savings,2007-10-08,Active,6904.57
A000881,C000881,Current,2012-01-15,Active,4356.39
A000882,C000882,Current,2010-05-25,Active,12742.92
A000883,C000883,Savings,2010-04-25,Active,2754.98
A000884,C000884,Current,2008-12-01,Active,10968.37
A000885,C000885,Savings,2007-07-10,Active,11412.32
A000886,C000886,Current,2010-12-21,Active,492.55
A000887,C000887,Current,2008-05-05,Active,5782.25
A000888,C000888,Current,2021-09-24,Active,15142.01
A000889,C000889,Current,2017-12-14,Active,9678.82
A000890,C000890,Current,2009-08-28,Active,9494.63
A000891,C000891,Current,2013-04-09,Active,9637.37
A000892,C000892,Current,2007-08-09,Active,858.64
A000893,C000893,Current,2017-04-18,Active,11481.46
A000894,C000894,Current,2021-10-24,Active,5618.97
A000895,C000895,Current,2014-09-01,Active,14385.64
A000896,C000896,Savings,2016-07-22,Active,5455.9
A000897,C000897,Current,2019-05-08,Active,4872.15
A000898,C000898,Savings,2017-05-18,Active,8698.5
A000899,C000899,Current,2023-12-13,Active,8762.88
A000900,C000900,Current,2022-12-18,Active,6424.85
A000901,C000901,Current,2007-11-07,Active,5698.04
A000902,C000902,Savings,2014-04-04,Active,14039.62
A000903,C000903,Current,2014-05-04,Active,1701.95
A000904,C000904,Current,2017-05-18,Active,15010.87
A000905,C000905,Current,2017-07-17,Active,15758.36
A000906,C000906,Current,2014-02-03,Active,5540.78
A000907,C000907,Savings,2008-06-04,Active,11589.78
A000908,C000908,Savings,2025-03-07,Active,9226.98
A000909,C000909,Current,2010-07-24,Active,14640.71
A000910,C000910,Savings,2009-03-31,Active,4101.62
A000911,C000911,Savings,2023-06-16,Active,17997.28
A000912,C000912,Current,2021-12-23,Active,16189.36
A000913,C000913,Current,2016-11-19,Active,517.57
A000914,C000914,Savings,2011-08-18,Active,17307.83
A000915,C000915,Current,2021-12-23,Active,7538.35
A000916,C000916,Savings,2016-09-20,Active,12956.32
A000917,C000917,Current,2019-01-08,Active,13565.98
A000918,C000918,Current,2020-05-02,Active,2717.48
A000919,C000919,Savings,2009-01-30,Active,13737.36
A000920,C000920,Savings,2019-05-08,Active,2112.37
A000921,C000921,Current,2023-12-13,Active,7401.88
A000922,C000922,Current,2020-04-02,Active,4488.95
A000923,C000923,Current,2010-12-21,Active,12705.82
A000924,C000924,Current,2006-10-13,Active,6747.83
A000925,C000925,Savings,2018-02-12,Active,16181.69
A000926,C000926,Current,2015-04-29,Active,3085.45
A000927,C000927,Current,2011-07-19,Active,3842.32
A000928,C000928,Current,2023-09-14,Active,8113.68
A000929,C000929,Current,2008-04-05,Active,14381.03
A000930,C000930,Current,2017-11-14,Active,5735.96
A000931,C000931,Current,2024-12-07,Active,7170.9
A000932,C000932,Current,2026-01-31,Active,5472.85
A000933,C000933,Savings,2020-06-01,Active,10292.6
A000934,C000934,Current,2014-11-30,Active,3755.14
A000935,C000935,Current,2013-03-10,Active,3443.31
A000936,C000936,Current,2020-11-28,Active,8399.91
A000937,C000937,Current,2022-02-21,Active,12976.07
A000938,C000938,Current,2007-11-07,Active,7292.58
A000939,C000939,Current,2009-01-30,Active,5888.62
A000940,C000940,Current,2017-05-18,Active,14070.87
A000941,C000941,Current,2012-08-12,Active,7662.27
A000942,C000942,Current,2012-03-15,Active,14430.08
A000943,C000943,Current,2012-01-15,Active,13358.62
A000944,C000944,Savings,2018-07-12,Active,1397.92
A000945,C000945,Current,2014-10-01,Active,15365.18
A000946,C000946,Current,2013-07-08,Active,15173.65
A000947,C000947,Current,2016-02-23,Active,8296.01
A000948,C000948,Current,2021-02-26,Active,3182.33
A000949,C000949,Current,2021-03-28,Active,13450.62
A000950,C000950,Current,2011-12-16,Active,7858.96
A000951,C000951,Current,2015-12-25,Active,12431.95
A000952,C000952,Current,2018-02-12,Active,10520.25
A000953,C000953,Savings,2013-01-09,Active,13581.09
A000954,C000954,Current,2010-01-25,Active,9317.83
A000955,C000955,Savings,2024-01-12,Active,6026.97
A000956,C000956,Current,2012-04-14,Active,7625.04
A000957,C000957,Savings,2018-11-09,Active,4435.7
A000958,C000958,Current,2015-05-29,Active,4432.62
A000959,C000959,Current,2012-08-12,Active,12506.28
A000960,C000960,Savings,2012-11-10,Active,621.75
A000961,C000961,Current,2012-03-15,Active,17425.74
A000962,C000962,Current,2008-10-02,Active,10567.36
A000963,C000963,Current,2011-03-21,Active,6946.63
A000964,C000964,Current,2010-02-24,Active,16736.76
A000965,C000965,Current,2011-12-16,Active,12439.36
A000966,C000966,Current,2010-11-21,Active,11436.42
A000967,C000967,Savings,2020-06-01,Active,14875.29
A000968,C000968,Savings,2016-03-24,Active,6699.1
A000969,C000969,Savings,2022-10-19,Active,8414.41
A000970,C000970,Current,2009-05-30,Active,16145.25
A000971,C000971,Current,2015-12-25,Active,6096.31
A000972,C000972,Current,2015-07-28,Active,13759.86
A000973,C000973,Current,2021-05-27,Active,9781.34
A000974,C000974,Current,2019-03-09,Active,14871.06
A000975,C000975,Savings,2020-01-03,Active,9098.48
A000976,C000976,Current,2021-11-23,Active,15084.46
A000977,C000977,Savings,2016-10-20,Active,11865.53
A000978,C000978,Savings,2009-07-29,Active,11151.87
A000979,C000979,Savings,2025-09-03,Active,4645.07
A000980,C000980,Current,2010-10-22,Active,2966.89
A000981,C000981,Current,2017-04-18,Active,13771.07
A000982,C000982,Savings,2020-08-30,Active,1603.28
A000983,C000983,Current,2018-10-10,Active,6836.39
A000984,C000984,Savings,2013-09-06,Active,11397.78
A000985,C000985,Savings,2019-08-06,Active,17597.43
A000986,C000986,Current,2010-02-24,Active,8686.4
A000987,C000987,Savings,2012-01-15,Active,3219.41
A000988,C000988,Savings,2011-09-17,Active,449.83
A000989,C000989,Current,2018-09-10,Active,6590.13
A000990,C000990,Savings,2015-10-26,Active,7766.03
A000991,C000991,Savings,2012-11-10,Active,11699.19
A000992,C000992,Savings,2009-03-31,Active,3635.07
A000993,C000993,Current,2013-05-09,Active,10822.49
A000994,C000994,Current,2019-12-04,Active,8937.17
A000995,C000995,Savings,2015-07-28,Active,11577.89
A000996,C000996,Current,2017-02-17,Active,5997.3
A000997,C000997,Current,2018-07-12,Active,14505.12
A000998,C000998,Current,2021-02-26,Active,11888.65
A000999,C000999,Savings,2015-09-26,Active,5774.6
A001000,C001000,Savings,2023-12-13,Active,17192.6
