customer_id,full_name,birth_year,region,segment,annual_income,tenure_months,vulnerability_flag,data_classification
C000001,Synthetic Customer 0001,1950,Connacht,Mass Market,42189.42,3,0,SYNTHETIC
C000002,Synthetic Customer 0002,1952,Dublin,Mass Market,36146.13,98,0,SYNTHETIC
C000003,Synthetic Customer 0003,1996,Munster,Mass Market,47900.05,104,0,SYNTHETIC
C000004,Synthetic Customer 0004,1989,Leinster,Mass Market,70947.7,131,0,SYNTHETIC
C000005,Synthetic Customer 0005,1973,Dublin,Mass Market,71788.19,62,1,SYNTHETIC
C000006,Synthetic Customer 0006,1970,Munster,Mass Market,36514.96,3,0,SYNTHETIC
C000007,Synthetic Customer 0007,1997,Munster,Affluent,22000,119,0,SYNTHETIC
C000008,Synthetic Customer 0008,1992,Ulster (ROI),Mass Market,49234.69,229,0,SYNTHETIC
C000009,Synthetic Customer 0009,1955,Dublin,Mass Market,53171.85,194,0,SYNTHETIC
C000010,Synthetic Customer 0010,1970,Dublin,Mass Market,54938.74,204,0,SYNTHETIC
C000011,Synthetic Customer 0011,1953,Munster,Emerging Affluent,46132.8,103,1,SYNTHETIC
C000012,Synthetic Customer 0012,1957,Dublin,Emerging Affluent,47343.93,125,0,SYNTHETIC
C000013,Synthetic Customer 0013,1959,Leinster,Mass Market,27094.89,159,0,SYNTHETIC
C000014,Synthetic Customer 0014,1999,Munster,Emerging Affluent,22000,137,0,SYNTHETIC
C000015,Synthetic Customer 0015,1979,Connacht,Mass Market,37266.83,114,1,SYNTHETIC
C000016,Synthetic Customer 0016,1961,Munster,Emerging Affluent,23689.73,56,0,SYNTHETIC
C000017,Synthetic Customer 0017,1993,Munster,Mass Market,23174.82,72,1,SYNTHETIC
C000018,Synthetic Customer 0018,1948,Munster,Mass Market,46570.01,165,0,SYNTHETIC
C000019,Synthetic Customer 0019,1970,Dublin,Emerging Affluent,22000,146,0,SYNTHETIC
C000020,Synthetic Customer 0020,1981,Leinster,Emerging Affluent,54727.0,107,0,SYNTHETIC
C000021,Synthetic Customer 0021,1977,Dublin,Mass Market,23801.07,67,0,SYNTHETIC
C000022,Synthetic Customer 0022,1984,Leinster,Emerging Affluent,52028.79,135,1,SYNTHETIC
C000023,Synthetic Customer 0023,1977,Leinster,Emerging Affluent,52395.01,192,0,SYNTHETIC
C000024,Synthetic Customer 0024,1973,Munster,Mass Market,67699.26,38,1,SYNTHETIC
C000025,Synthetic Customer 0025,1997,Leinster,Mass Market,64567.4,70,0,SYNTHETIC
C000026,Synthetic Customer 0026,1959,Connacht,Mass Market,63486.25,172,0,SYNTHETIC
C000027,Synthetic Customer 0027,2000,Munster,Mass Market,22000,138,0,SYNTHETIC
C000028,Synthetic Customer 0028,1992,Connacht,Mass Market,36085.69,237,0,SYNTHETIC
C000029,Synthetic Customer 0029,1954,Dublin,Mass Market,35723.88,121,0,SYNTHETIC
C000030,Synthetic Customer 0030,1963,Dublin,Emerging Affluent,60408.54,159,0,SYNTHETIC
C000031,Synthetic Customer 0031,1955,Dublin,Affluent,22000,43,0,SYNTHETIC
C000032,Synthetic Customer 0032,1975,Connacht,Mass Market,79083.2,82,0,SYNTHETIC
C000033,Synthetic Customer 0033,1959,Munster,Mass Market,32860.02,139,0,SYNTHETIC
C000034,Synthetic Customer 0034,2003,Munster,Mass Market,35456.65,1,0,SYNTHETIC
C000035,Synthetic Customer 0035,1971,Connacht,Mass Market,44368.82,212,0,SYNTHETIC
C000036,Synthetic Customer 0036,1996,Dublin,Mass Market,22000,204,0,SYNTHETIC
C000037,Synthetic Customer 0037,2002,Munster,Mass Market,45673.39,190,0,SYNTHETIC
C000038,Synthetic Customer 0038,1967,Dublin,Mass Market,25603.03,73,0,SYNTHETIC
C000039,Synthetic Customer 0039,1957,Dublin,Mass Market,49559.51,233,0,SYNTHETIC
C000040,Synthetic Customer 0040,1957,Munster,Emerging Affluent,44452.29,176,0,SYNTHETIC
C000041,Synthetic Customer 0041,2005,Munster,Mass Market,67414.57,123,0,SYNTHETIC
C000042,Synthetic Customer 0042,1952,Leinster,Mass Market,35931.74,155,0,SYNTHETIC
C000043,Synthetic Customer 0043,1978,Dublin,Emerging Affluent,22000,122,0,SYNTHETIC
C000044,Synthetic Customer 0044,1982,Ulster (ROI),Emerging Affluent,35484.68,54,0,SYNTHETIC
C000045,Synthetic Customer 0045,1954,Dublin,Mass Market,28616.82,118,1,SYNTHETIC
C000046,Synthetic Customer 0046,2003,Connacht,Emerging Affluent,48062.94,218,0,SYNTHETIC
C000047,Synthetic Customer 0047,1954,Munster,Mass Market,39422.17,146,1,SYNTHETIC
C000048,Synthetic Customer 0048,1972,Dublin,Affluent,56498.33,13,0,SYNTHETIC
C000049,Synthetic Customer 0049,2002,Dublin,Emerging Affluent,57015.65,230,1,SYNTHETIC
C000050,Synthetic Customer 0050,1958,Munster,Affluent,50069.35,99,0,SYNTHETIC
C000051,Synthetic Customer 0051,1955,Leinster,Mass Market,63827.39,68,0,SYNTHETIC
C000052,Synthetic Customer 0052,1993,Leinster,Mass Market,46731.09,81,0,SYNTHETIC
C000053,Synthetic Customer 0053,1971,Dublin,Mass Market,57548.12,186,0,SYNTHETIC
C000054,Synthetic Customer 0054,1954,Leinster,Mass Market,26382.73,201,0,SYNTHETIC
C000055,Synthetic Customer 0055,1993,Leinster,Mass Market,26676.54,9,0,SYNTHETIC
C000056,Synthetic Customer 0056,1976,Connacht,Mass Market,25444.14,131,0,SYNTHETIC
C000057,Synthetic Customer 0057,1948,Connacht,Mass Market,82295.89,110,0,SYNTHETIC
C000058,Synthetic Customer 0058,1968,Munster,Emerging Affluent,43631.22,233,0,SYNTHETIC
C000059,Synthetic Customer 0059,1974,Munster,Mass Market,59132.49,192,0,SYNTHETIC
C000060,Synthetic Customer 0060,1992,Munster,Mass Market,39811.61,149,0,SYNTHETIC
C000061,Synthetic Customer 0061,1958,Connacht,Emerging Affluent,36393.26,189,0,SYNTHETIC
C000062,Synthetic Customer 0062,1949,Leinster,Mass Market,50946.24,161,0,SYNTHETIC
C000063,Synthetic Customer 0063,1961,Dublin,Affluent,29513.52,176,1,SYNTHETIC
C000064,Synthetic Customer 0064,1968,Dublin,Affluent,22000,61,0,SYNTHETIC
C000065,Synthetic Customer 0065,1975,Connacht,Affluent,37651.75,128,0,SYNTHETIC
C000066,Synthetic Customer 0066,1989,Dublin,Mass Market,50681.46,108,0,SYNTHETIC
C000067,Synthetic Customer 0067,2001,Ulster (ROI),Affluent,50203.52,146,0,SYNTHETIC
C000068,Synthetic Customer 0068,1955,Munster,Emerging Affluent,50880.28,183,0,SYNTHETIC
C000069,Synthetic Customer 0069,1966,Dublin,Mass Market,55348.02,174,1,SYNTHETIC
C000070,Synthetic Customer 0070,1992,Dublin,Mass Market,51157.9,64,1,SYNTHETIC
C000071,Synthetic Customer 0071,1986,Munster,Mass Market,24696.73,217,1,SYNTHETIC
C000072,Synthetic Customer 0072,2005,Munster,Mass Market,69126.52,29,0,SYNTHETIC
C000073,Synthetic Customer 0073,1965,Ulster (ROI),Mass Market,32320.45,133,0,SYNTHETIC
C000074,Synthetic Customer 0074,1966,Munster,Emerging Affluent,42974.71,78,0,SYNTHETIC
C000075,Synthetic Customer 0075,2002,Dublin,Emerging Affluent,55108.02,78,0,SYNTHETIC
C000076,Synthetic Customer 0076,1973,Leinster,Mass Market,46816.83,238,1,SYNTHETIC
C000077,Synthetic Customer 0077,1974,Dublin,Mass Market,40824.91,43,0,SYNTHETIC
C000078,Synthetic Customer 0078,2001,Dublin,Emerging Affluent,66219.05,61,0,SYNTHETIC
C000079,Synthetic Customer 0079,1997,Dublin,Mass Market,22000,135,0,SYNTHETIC
C000080,Synthetic Customer 0080,1987,Dublin,Mass Market,50251.98,85,0,SYNTHETIC
C000081,Synthetic Customer 0081,1963,Munster,Mass Market,87368.65,3,1,SYNTHETIC
C000082,Synthetic Customer 0082,2005,Connacht,Affluent,54093.85,218,0,SYNTHETIC
C000083,Synthetic Customer 0083,1962,Connacht,Mass Market,30775.94,195,0,SYNTHETIC
C000084,Synthetic Customer 0084,1964,Connacht,Mass Market,36177.0,54,0,SYNTHETIC
C000085,Synthetic Customer 0085,2003,Dublin,Emerging Affluent,41053.91,21,1,SYNTHETIC
C000086,Synthetic Customer 0086,1999,Dublin,Mass Market,36487.87,17,0,SYNTHETIC
C000087,Synthetic Customer 0087,2001,Ulster (ROI),Affluent,65055.13,81,0,SYNTHETIC
C000088,Synthetic Customer 0088,1957,Dublin,Mass Market,65988.54,143,0,SYNTHETIC
C000089,Synthetic Customer 0089,1961,Leinster,Mass Market,31558.45,4,0,SYNTHETIC
C000090,Synthetic Customer 0090,2005,Connacht,Mass Market,24301.71,133,0,SYNTHETIC
C000091,Synthetic Customer 0091,1992,Ulster (ROI),Emerging Affluent,58181.43,193,0,SYNTHETIC
C000092,Synthetic Customer 0092,1977,Dublin,Mass Market,27583.31,3,0,SYNTHETIC
C000093,Synthetic Customer 0093,2004,Dublin,Mass Market,38148.0,191,0,SYNTHETIC
C000094,Synthetic Customer 0094,1971,Leinster,Mass Market,61758.87,74,0,SYNTHETIC
C000095,Synthetic Customer 0095,1996,Connacht,Emerging Affluent,33600.62,50,0,SYNTHETIC
C000096,Synthetic Customer 0096,1994,Dublin,Mass Market,54171.09,151,0,SYNTHETIC
C000097,Synthetic Customer 0097,1985,Munster,Mass Market,40398.93,136,0,SYNTHETIC
C000098,Synthetic Customer 0098,1993,Munster,Mass Market,22000,58,0,SYNTHETIC
C000099,Synthetic Customer 0099,1983,Dublin,Mass Market,41297.18,105,0,SYNTHETIC
C000100,Synthetic Customer 0100,2002,Connacht,Mass Market,29531.87,195,0,SYNTHETIC
C000101,Synthetic Customer 0101,1958,Connacht,Mass Market,22000,239,0,SYNTHETIC
C000102,Synthetic Customer 0102,1951,Connacht,Mass Market,49890.81,103,0,SYNTHETIC
C000103,Synthetic Customer 0103,1969,Connacht,Mass Market,26175.6,73,0,SYNTHETIC
C000104,Synthetic Customer 0104,1954,Connacht,Mass Market,86174.84,149,0,SYNTHETIC
C000105,Synthetic Customer 0105,1978,Connacht,Mass Market,41132.69,51,0,SYNTHETIC
C000106,Synthetic Customer 0106,1961,Ulster (ROI),Mass Market,28275.66,56,0,SYNTHETIC
C000107,Synthetic Customer 0107,1963,Leinster,Mass Market,53682.35,31,0,SYNTHETIC
C000108,Synthetic Customer 0108,1985,Dublin,Mass Market,27041.29,27,0,SYNTHETIC
C000109,Synthetic Customer 0109,1957,Munster,Mass Market,103159.8,212,0,SYNTHETIC
C000110,Synthetic Customer 0110,1968,Connacht,Affluent,46786.07,214,0,SYNTHETIC
C000111,Synthetic Customer 0111,1975,Munster,Mass Market,22000,180,0,SYNTHETIC
C000112,Synthetic Customer 0112,2002,Leinster,Affluent,24109.28,12,0,SYNTHETIC
C000113,Synthetic Customer 0113,1987,Leinster,Mass Market,22000,199,1,SYNTHETIC
C000114,Synthetic Customer 0114,1952,Ulster (ROI),Emerging Affluent,29024.44,240,0,SYNTHETIC
C000115,Synthetic Customer 0115,1971,Dublin,Emerging Affluent,22725.56,61,0,SYNTHETIC
C000116,Synthetic Customer 0116,1953,Munster,Mass Market,41994.78,100,0,SYNTHETIC
C000117,Synthetic Customer 0117,1974,Dublin,Mass Market,40251.41,183,0,SYNTHETIC
C000118,Synthetic Customer 0118,1989,Leinster,Mass Market,27631.22,228,0,SYNTHETIC
C000119,Synthetic Customer 0119,1997,Dublin,Mass Market,59276.87,54,0,SYNTHETIC
C000120,Synthetic Customer 0120,1981,Connacht,Mass Market,54754.14,74,0,SYNTHETIC
C000121,Synthetic Customer 0121,1963,Leinster,Mass Market,22000,232,0,SYNTHETIC
C000122,Synthetic Customer 0122,1983,Dublin,Mass Market,32447.42,57,0,SYNTHETIC
C000123,Synthetic Customer 0123,1998,Dublin,Mass Market,29390.25,75,0,SYNTHETIC
C000124,Synthetic Customer 0124,1987,Connacht,Mass Market,55856.95,61,0,SYNTHETIC
C000125,Synthetic Customer 0125,1954,Connacht,Mass Market,52574.17,113,0,SYNTHETIC
C000126,Synthetic Customer 0126,1991,Dublin,Affluent,48218.64,228,0,SYNTHETIC
C000127,Synthetic Customer 0127,2001,Ulster (ROI),Mass Market,22983.7,179,1,SYNTHETIC
C000128,Synthetic Customer 0128,1967,Leinster,Mass Market,89470.06,224,0,SYNTHETIC
C000129,Synthetic Customer 0129,1998,Ulster (ROI),Mass Market,26949.66,34,0,SYNTHETIC
C000130,Synthetic Customer 0130,2004,Leinster,Mass Market,35365.55,165,0,SYNTHETIC
C000131,Synthetic Customer 0131,2003,Leinster,Mass Market,22000,183,0,SYNTHETIC
C000132,Synthetic Customer 0132,1996,Connacht,Affluent,40417.87,51,0,SYNTHETIC
C000133,Synthetic Customer 0133,1964,Leinster,Emerging Affluent,29203.57,73,0,SYNTHETIC
C000134,Synthetic Customer 0134,1959,Dublin,Mass Market,51472.13,230,0,SYNTHETIC
C000135,Synthetic Customer 0135,2005,Ulster (ROI),Mass Market,31878.82,146,0,SYNTHETIC
C000136,Synthetic Customer 0136,1983,Ulster (ROI),Emerging Affluent,48583.35,173,0,SYNTHETIC
C000137,Synthetic Customer 0137,1988,Connacht,Mass Market,22000,107,0,SYNTHETIC
C000138,Synthetic Customer 0138,1967,Dublin,Mass Market,28273.67,202,0,SYNTHETIC
C000139,Synthetic Customer 0139,2001,Dublin,Emerging Affluent,30553.71,19,0,SYNTHETIC
C000140,Synthetic Customer 0140,1976,Ulster (ROI),Mass Market,43237.11,119,0,SYNTHETIC
C000141,Synthetic Customer 0141,1996,Dublin,Mass Market,50926.43,233,0,SYNTHETIC
C000142,Synthetic Customer 0142,1983,Munster,Emerging Affluent,60760.35,117,0,SYNTHETIC
C000143,Synthetic Customer 0143,1956,Connacht,Mass Market,22000,209,0,SYNTHETIC
C000144,Synthetic Customer 0144,1948,Leinster,Mass Market,22000,137,0,SYNTHETIC
C000145,Synthetic Customer 0145,1965,Leinster,Affluent,37543.62,25,0,SYNTHETIC
C000146,Synthetic Customer 0146,1986,Munster,Mass Market,28320.31,230,0,SYNTHETIC
C000147,Synthetic Customer 0147,1977,Connacht,Mass Market,43571.41,224,0,SYNTHETIC
C000148,Synthetic Customer 0148,1976,Connacht,Mass Market,61246.34,84,0,SYNTHETIC
C000149,Synthetic Customer 0149,1982,Dublin,Emerging Affluent,33226.94,182,0,SYNTHETIC
C000150,Synthetic Customer 0150,1950,Dublin,Mass Market,62219.6,66,0,SYNTHETIC
C000151,Synthetic Customer 0151,1995,Leinster,Affluent,43012.09,154,0,SYNTHETIC
C000152,Synthetic Customer 0152,1962,Munster,Mass Market,55439.51,71,0,SYNTHETIC
C000153,Synthetic Customer 0153,1973,Dublin,Emerging Affluent,24024.62,58,1,SYNTHETIC
C000154,Synthetic Customer 0154,1955,Ulster (ROI),Mass Market,24017.53,202,0,SYNTHETIC
C000155,Synthetic Customer 0155,1949,Leinster,Mass Market,30486.06,27,0,SYNTHETIC
C000156,Synthetic Customer 0156,1953,Leinster,Mass Market,58604.94,4,0,SYNTHETIC
C000157,Synthetic Customer 0157,1964,Ulster (ROI),Affluent,37088.8,67,0,SYNTHETIC
C000158,Synthetic Customer 0158,1984,Ulster (ROI),Mass Market,22000,185,0,SYNTHETIC
C000159,Synthetic Customer 0159,1976,Leinster,Mass Market,55961.46,114,0,SYNTHETIC
C000160,Synthetic Customer 0160,1956,Leinster,Emerging Affluent,27799.83,235,1,SYNTHETIC
C000161,Synthetic Customer 0161,1957,Leinster,Mass Market,84947.25,51,0,SYNTHETIC
C000162,Synthetic Customer 0162,1992,Ulster (ROI),Emerging Affluent,22000,173,0,SYNTHETIC
C000163,Synthetic Customer 0163,2004,Leinster,Mass Market,33565.3,80,0,SYNTHETIC
C000164,Synthetic Customer 0164,1948,Dublin,Emerging Affluent,55559.61,12,0,SYNTHETIC
C000165,Synthetic Customer 0165,1970,Dublin,Mass Market,29089.14,131,0,SYNTHETIC
C000166,Synthetic Customer 0166,1967,Leinster,Emerging Affluent,52726.55,203,0,SYNTHETIC
C000167,Synthetic Customer 0167,2001,Leinster,Mass Market,22000,240,0,SYNTHETIC
C000168,Synthetic Customer 0168,1972,Leinster,Mass Market,26500.51,79,0,SYNTHETIC
C000169,Synthetic Customer 0169,1994,Connacht,Mass Market,32773.97,193,0,SYNTHETIC
C000170,Synthetic Customer 0170,1994,Connacht,Mass Market,26578.54,208,0,SYNTHETIC
C000171,Synthetic Customer 0171,1981,Ulster (ROI),Mass Market,35718.9,71,0,SYNTHETIC
C000172,Synthetic Customer 0172,1974,Dublin,Mass Market,51524.04,231,0,SYNTHETIC
C000173,Synthetic Customer 0173,1993,Leinster,Emerging Affluent,80775.68,81,0,SYNTHETIC
C000174,Synthetic Customer 0174,1990,Connacht,Mass Market,23463.25,3,1,SYNTHETIC
C000175,Synthetic Customer 0175,1990,Munster,Mass Market,68988.89,199,1,SYNTHETIC
C000176,Synthetic Customer 0176,1974,Dublin,Emerging Affluent,32820.21,2,0,SYNTHETIC
C000177,Synthetic Customer 0177,1954,Munster,Mass Market,35978.18,105,0,SYNTHETIC
C000178,Synthetic Customer 0178,2002,Connacht,Mass Market,37367.79,141,0,SYNTHETIC
C000179,Synthetic Customer 0179,1978,Connacht,Emerging Affluent,64451.72,40,0,SYNTHETIC
C000180,Synthetic Customer 0180,1995,Leinster,Mass Market,22000,174,0,SYNTHETIC
C000181,Synthetic Customer 0181,1957,Dublin,Mass Market,32291.89,30,0,SYNTHETIC
C000182,Synthetic Customer 0182,1996,Dublin,Mass Market,29705.97,65,0,SYNTHETIC
C000183,Synthetic Customer 0183,1984,Connacht,Emerging Affluent,22471.75,146,0,SYNTHETIC
C000184,Synthetic Customer 0184,1989,Leinster,Mass Market,24931.61,86,0,SYNTHETIC
C000185,Synthetic Customer 0185,1990,Dublin,Emerging Affluent,27319.53,192,0,SYNTHETIC
C000186,Synthetic Customer 0186,1977,Connacht,Emerging Affluent,43065.2,82,0,SYNTHETIC
C000187,Synthetic Customer 0187,1991,Leinster,Mass Market,47311.38,27,1,SYNTHETIC
C000188,Synthetic Customer 0188,1951,Leinster,Mass Market,39102.6,71,0,SYNTHETIC
C000189,Synthetic Customer 0189,1991,Ulster (ROI),Mass Market,73679.38,179,0,SYNTHETIC
C000190,Synthetic Customer 0190,1958,Dublin,Mass Market,34938.57,30,0,SYNTHETIC
C000191,Synthetic Customer 0191,1951,Leinster,Emerging Affluent,43171.35,157,0,SYNTHETIC
C000192,Synthetic Customer 0192,1992,Munster,Mass Market,75284.1,216,0,SYNTHETIC
C000193,Synthetic Customer 0193,1964,Leinster,Mass Market,35580.53,154,0,SYNTHETIC
C000194,Synthetic Customer 0194,1969,Connacht,Mass Market,34069.92,111,1,SYNTHETIC
C000195,Synthetic Customer 0195,1968,Dublin,Mass Market,44775.49,194,1,SYNTHETIC
C000196,Synthetic Customer 0196,1957,Munster,Emerging Affluent,68862.54,26,0,SYNTHETIC
C000197,Synthetic Customer 0197,1992,Leinster,Mass Market,47067.14,184,0,SYNTHETIC
C000198,Synthetic Customer 0198,1980,Dublin,Mass Market,22000,191,1,SYNTHETIC
C000199,Synthetic Customer 0199,1974,Dublin,Mass Market,43933.08,114,0,SYNTHETIC
C000200,Synthetic Customer 0200,1963,Ulster (ROI),Emerging Affluent,93196.49,192,0,SYNTHETIC
C000201,Synthetic Customer 0201,1948,Dublin,Mass Market,31263.93,178,0,SYNTHETIC
C000202,Synthetic Customer 0202,2002,Dublin,Affluent,43313.37,144,0,SYNTHETIC
C000203,Synthetic Customer 0203,1979,Leinster,Mass Market,43907.88,4,0,SYNTHETIC
C000204,Synthetic Customer 0204,1965,Munster,Mass Market,55871.12,239,0,SYNTHETIC
C000205,Synthetic Customer 0205,1992,Munster,Mass Market,22000,124,0,SYNTHETIC
C000206,Synthetic Customer 0206,2002,Dublin,Mass Market,45818.56,2,0,SYNTHETIC
C000207,Synthetic Customer 0207,1960,Leinster,Mass Market,104662.21,165,0,SYNTHETIC
C000208,Synthetic Customer 0208,1957,Leinster,Mass Market,40490.1,24,0,SYNTHETIC
C000209,Synthetic Customer 0209,1976,Connacht,Mass Market,63882.8,4,0,SYNTHETIC
C000210,Synthetic Customer 0210,1958,Ulster (ROI),Mass Market,56332.54,83,0,SYNTHETIC
C000211,Synthetic Customer 0211,1951,Connacht,Mass Market,52705.1,90,0,SYNTHETIC
C000212,Synthetic Customer 0212,1975,Dublin,Affluent,33162.94,232,0,SYNTHETIC
C000213,Synthetic Customer 0213,1960,Dublin,Mass Market,40826.5,145,0,SYNTHETIC
C000214,Synthetic Customer 0214,1985,Dublin,Mass Market,59898.37,207,0,SYNTHETIC
C000215,Synthetic Customer 0215,1979,Leinster,Mass Market,56907.8,104,0,SYNTHETIC
C000216,Synthetic Customer 0216,1986,Connacht,Mass Market,28457.31,60,0,SYNTHETIC
C000217,Synthetic Customer 0217,2000,Connacht,Emerging Affluent,69058.48,93,0,SYNTHETIC
C000218,Synthetic Customer 0218,1997,Dublin,Mass Market,56067.6,201,0,SYNTHETIC
C000219,Synthetic Customer 0219,1971,Munster,Emerging Affluent,93880.43,3,0,SYNTHETIC
C000220,Synthetic Customer 0220,1967,Dublin,Mass Market,43602.04,209,0,SYNTHETIC
C000221,Synthetic Customer 0221,1992,Munster,Mass Market,57665.69,11,0,SYNTHETIC
C000222,Synthetic Customer 0222,1984,Connacht,Mass Market,33017.72,63,0,SYNTHETIC
C000223,Synthetic Customer 0223,1959,Munster,Affluent,51608.44,66,0,SYNTHETIC
C000224,Synthetic Customer 0224,1993,Connacht,Affluent,66262.21,227,0,SYNTHETIC
C000225,Synthetic Customer 0225,1963,Munster,Mass Market,32852.65,7,0,SYNTHETIC
C000226,Synthetic Customer 0226,1989,Dublin,Emerging Affluent,44948.49,38,0,SYNTHETIC
C000227,Synthetic Customer 0227,1956,Dublin,Mass Market,38837.21,59,1,SYNTHETIC
C000228,Synthetic Customer 0228,1991,Leinster,Mass Market,34955.4,2,1,SYNTHETIC
C000229,Synthetic Customer 0229,1996,Dublin,Emerging Affluent,55094.36,177,0,SYNTHETIC
C000230,Synthetic Customer 0230,1996,Leinster,Emerging Affluent,40983.59,58,0,SYNTHETIC
C000231,Synthetic Customer 0231,1976,Munster,Emerging Affluent,47684.76,217,0,SYNTHETIC
C000232,Synthetic Customer 0232,1977,Dublin,Mass Market,46882.09,46,0,SYNTHETIC
C000233,Synthetic Customer 0233,1968,Ulster (ROI),Emerging Affluent,38011.7,149,1,SYNTHETIC
C000234,Synthetic Customer 0234,1987,Dublin,Emerging Affluent,54127.16,123,0,SYNTHETIC
C000235,Synthetic Customer 0235,1977,Dublin,Mass Market,57815.85,67,0,SYNTHETIC
C000236,Synthetic Customer 0236,1974,Munster,Mass Market,55171.01,120,0,SYNTHETIC
C000237,Synthetic Customer 0237,1972,Dublin,Affluent,56266.79,65,0,SYNTHETIC
C000238,Synthetic Customer 0238,1948,Leinster,Mass Market,24930.16,75,0,SYNTHETIC
C000239,Synthetic Customer 0239,1995,Leinster,Mass Market,47305.18,28,0,SYNTHETIC
C000240,Synthetic Customer 0240,1983,Munster,Affluent,58499.58,124,1,SYNTHETIC
C000241,Synthetic Customer 0241,1975,Dublin,Mass Market,23220.14,102,0,SYNTHETIC
C000242,Synthetic Customer 0242,1976,Dublin,Affluent,35153.13,195,0,SYNTHETIC
C000243,Synthetic Customer 0243,1959,Dublin,Mass Market,47448.9,234,0,SYNTHETIC
C000244,Synthetic Customer 0244,1987,Dublin,Mass Market,32045.0,83,1,SYNTHETIC
C000245,Synthetic Customer 0245,1961,Dublin,Emerging Affluent,54296.9,150,0,SYNTHETIC
C000246,Synthetic Customer 0246,1978,Dublin,Mass Market,72468.31,137,0,SYNTHETIC
C000247,Synthetic Customer 0247,2000,Connacht,Mass Market,46913.81,87,0,SYNTHETIC
C000248,Synthetic Customer 0248,1970,Connacht,Affluent,27540.0,59,0,SYNTHETIC
C000249,Synthetic Customer 0249,1994,Dublin,Mass Market,64092.24,178,0,SYNTHETIC
C000250,Synthetic Customer 0250,1958,Connacht,Mass Market,24816.58,9,0,SYNTHETIC
C000251,Synthetic Customer 0251,1959,Dublin,Mass Market,26063.03,167,0,SYNTHETIC
C000252,Synthetic Customer 0252,1972,Munster,Mass Market,69331.8,160,1,SYNTHETIC
C000253,Synthetic Customer 0253,1952,Munster,Mass Market,55724.97,125,0,SYNTHETIC
C000254,Synthetic Customer 0254,1949,Dublin,Mass Market,77250.15,195,0,SYNTHETIC
C000255,Synthetic Customer 0255,1983,Leinster,Mass Market,28669.37,95,0,SYNTHETIC
C000256,Synthetic Customer 0256,1962,Ulster (ROI),Mass Market,86772.67,118,1,SYNTHETIC
C000257,Synthetic Customer 0257,1953,Munster,Mass Market,33476.79,86,0,SYNTHETIC
C000258,Synthetic Customer 0258,1954,Connacht,Mass Market,48567.35,42,0,SYNTHETIC
C000259,Synthetic Customer 0259,2003,Munster,Emerging Affluent,52312.27,180,0,SYNTHETIC
C000260,Synthetic Customer 0260,1986,Munster,Mass Market,22000,19,0,SYNTHETIC
C000261,Synthetic Customer 0261,1962,Dublin,Emerging Affluent,22000,16,0,SYNTHETIC
C000262,Synthetic Customer 0262,1982,Leinster,Affluent,49791.92,95,0,SYNTHETIC
C000263,Synthetic Customer 0263,1983,Munster,Mass Market,41849.46,202,0,SYNTHETIC
C000264,Synthetic Customer 0264,1968,Leinster,Mass Market,48756.82,123,0,SYNTHETIC
C000265,Synthetic Customer 0265,1967,Leinster,Mass Market,32381.72,70,0,SYNTHETIC
C000266,Synthetic Customer 0266,1957,Leinster,Affluent,51116.07,217,1,SYNTHETIC
C000267,Synthetic Customer 0267,1984,Leinster,Mass Market,22000,33,1,SYNTHETIC
C000268,Synthetic Customer 0268,1973,Connacht,Mass Market,53407.75,133,0,SYNTHETIC
C000269,Synthetic Customer 0269,1980,Dublin,Mass Market,50870.49,181,0,SYNTHETIC
C000270,Synthetic Customer 0270,1961,Leinster,Mass Market,43206.78,23,0,SYNTHETIC
C000271,Synthetic Customer 0271,1962,Leinster,Mass Market,33491.32,152,0,SYNTHETIC
C000272,Synthetic Customer 0272,2002,Munster,Emerging Affluent,45898.89,184,0,SYNTHETIC
C000273,Synthetic Customer 0273,1984,Dublin,Mass Market,27490.19,8,0,SYNTHETIC
C000274,Synthetic Customer 0274,1964,Leinster,Mass Market,36834.58,215,0,SYNTHETIC
C000275,Synthetic Customer 0275,1950,Munster,Mass Market,27802.21,4,0,SYNTHETIC
C000276,Synthetic Customer 0276,1961,Leinster,Mass Market,54195.9,51,0,SYNTHETIC
C000277,Synthetic Customer 0277,1995,Connacht,Mass Market,46961.37,191,1,SYNTHETIC
C000278,Synthetic Customer 0278,1977,Leinster,Mass Market,38414.32,77,0,SYNTHETIC
C000279,Synthetic Customer 0279,1962,Dublin,Mass Market,46828.4,28,0,SYNTHETIC
C000280,Synthetic Customer 0280,1950,Dublin,Mass Market,35802.64,154,1,SYNTHETIC
C000281,Synthetic Customer 0281,1989,Munster,Mass Market,42141.05,78,0,SYNTHETIC
C000282,Synthetic Customer 0282,1976,Leinster,Mass Market,53993.34,111,0,SYNTHETIC
C000283,Synthetic Customer 0283,1950,Ulster (ROI),Mass Market,31840.49,155,0,SYNTHETIC
C000284,Synthetic Customer 0284,1988,Connacht,Emerging Affluent,42511.73,149,1,SYNTHETIC
C000285,Synthetic Customer 0285,1983,Munster,Mass Market,50846.81,44,0,SYNTHETIC
C000286,Synthetic Customer 0286,1956,Munster,Emerging Affluent,82650.75,58,0,SYNTHETIC
C000287,Synthetic Customer 0287,2003,Leinster,Affluent,53509.73,116,0,SYNTHETIC
C000288,Synthetic Customer 0288,1990,Munster,Mass Market,37259.34,62,0,SYNTHETIC
C000289,Synthetic Customer 0289,1950,Leinster,Mass Market,44075.58,210,0,SYNTHETIC
C000290,Synthetic Customer 0290,1976,Ulster (ROI),Mass Market,43917.8,207,0,SYNTHETIC
C000291,Synthetic Customer 0291,2002,Leinster,Emerging Affluent,63841.04,164,0,SYNTHETIC
C000292,Synthetic Customer 0292,1959,Leinster,Mass Market,44537.99,168,0,SYNTHETIC
C000293,Synthetic Customer 0293,1963,Connacht,Emerging Affluent,33122.2,3,0,SYNTHETIC
C000294,Synthetic Customer 0294,1997,Leinster,Mass Market,22000,223,0,SYNTHETIC
C000295,Synthetic Customer 0295,1950,Leinster,Mass Market,53543.25,172,0,SYNTHETIC
C000296,Synthetic Customer 0296,1960,Leinster,Mass Market,88939.37,110,0,SYNTHETIC
C000297,Synthetic Customer 0297,1972,Leinster,Mass Market,55655.5,49,0,SYNTHETIC
C000298,Synthetic Customer 0298,1983,Connacht,Mass Market,25553.06,10,0,SYNTHETIC
C000299,Synthetic Customer 0299,1968,Dublin,Affluent,42375.92,100,0,SYNTHETIC
C000300,Synthetic Customer 0300,1966,Connacht,Mass Market,24143.07,163,0,SYNTHETIC
C000301,Synthetic Customer 0301,1974,Dublin,Mass Market,23126.4,90,1,SYNTHETIC
C000302,Synthetic Customer 0302,1976,Ulster (ROI),Mass Market,41523.87,119,1,SYNTHETIC
C000303,Synthetic Customer 0303,1953,Dublin,Emerging Affluent,47933.05,73,0,SYNTHETIC
C000304,Synthetic Customer 0304,1977,Dublin,Mass Market,32418.32,17,0,SYNTHETIC
C000305,Synthetic Customer 0305,1995,Connacht,Mass Market,34041.27,6,0,SYNTHETIC
C000306,Synthetic Customer 0306,2003,Connacht,Mass Market,29682.28,170,0,SYNTHETIC
C000307,Synthetic Customer 0307,1974,Leinster,Mass Market,46765.53,177,0,SYNTHETIC
C000308,Synthetic Customer 0308,1983,Leinster,Emerging Affluent,33999.89,68,0,SYNTHETIC
C000309,Synthetic Customer 0309,1949,Munster,Mass Market,39774.06,79,0,SYNTHETIC
C000310,Synthetic Customer 0310,1953,Dublin,Emerging Affluent,52467.1,189,0,SYNTHETIC
C000311,Synthetic Customer 0311,1949,Connacht,Emerging Affluent,31819.19,127,0,SYNTHETIC
C000312,Synthetic Customer 0312,1961,Connacht,Emerging Affluent,58004.28,239,0,SYNTHETIC
C000313,Synthetic Customer 0313,1993,Leinster,Mass Market,34658.4,14,0,SYNTHETIC
C000314,Synthetic Customer 0314,1994,Leinster,Emerging Affluent,22568.72,131,0,SYNTHETIC
C000315,Synthetic Customer 0315,1957,Munster,Mass Market,39211.85,174,0,SYNTHETIC
C000316,Synthetic Customer 0316,1957,Munster,Mass Market,26550.1,79,0,SYNTHETIC
C000317,Synthetic Customer 0317,1961,Dublin,Mass Market,42891.67,82,0,SYNTHETIC
C000318,Synthetic Customer 0318,1963,Munster,Mass Market,33484.67,228,0,SYNTHETIC
C000319,Synthetic Customer 0319,1957,Dublin,Mass Market,25453.17,21,0,SYNTHETIC
C000320,Synthetic Customer 0320,1998,Ulster (ROI),Mass Market,41368.99,230,0,SYNTHETIC
C000321,Synthetic Customer 0321,1993,Munster,Emerging Affluent,23193.84,130,0,SYNTHETIC
C000322,Synthetic Customer 0322,1990,Connacht,Mass Market,34423.82,1,1,SYNTHETIC
C000323,Synthetic Customer 0323,1992,Leinster,Mass Market,48073.8,76,0,SYNTHETIC
C000324,Synthetic Customer 0324,1956,Connacht,Mass Market,22000,212,0,SYNTHETIC
C000325,Synthetic Customer 0325,1974,Dublin,Affluent,33207.81,201,0,SYNTHETIC
C000326,Synthetic Customer 0326,1963,Leinster,Mass Market,31159.72,121,0,SYNTHETIC
C000327,Synthetic Customer 0327,1993,Ulster (ROI),Emerging Affluent,30036.35,138,0,SYNTHETIC
C000328,Synthetic Customer 0328,1965,Connacht,Mass Market,26381.72,216,0,SYNTHETIC
C000329,Synthetic Customer 0329,1954,Munster,Emerging Affluent,49527.23,40,0,SYNTHETIC
C000330,Synthetic Customer 0330,1972,Munster,Mass Market,59157.43,179,0,SYNTHETIC
C000331,Synthetic Customer 0331,1980,Dublin,Emerging Affluent,27539.17,177,0,SYNTHETIC
C000332,Synthetic Customer 0332,1985,Dublin,Affluent,46884.79,21,0,SYNTHETIC
C000333,Synthetic Customer 0333,1957,Connacht,Affluent,58140.2,112,0,SYNTHETIC
C000334,Synthetic Customer 0334,1949,Leinster,Mass Market,72294.11,237,0,SYNTHETIC
C000335,Synthetic Customer 0335,1979,Dublin,Emerging Affluent,44521.44,4,0,SYNTHETIC
C000336,Synthetic Customer 0336,1962,Ulster (ROI),Emerging Affluent,22000,163,0,SYNTHETIC
C000337,Synthetic Customer 0337,1998,Munster,Emerging Affluent,28947.08,162,0,SYNTHETIC
C000338,Synthetic Customer 0338,2003,Munster,Mass Market,44615.27,208,0,SYNTHETIC
C000339,Synthetic Customer 0339,2001,Leinster,Emerging Affluent,50882.07,110,0,SYNTHETIC
C000340,Synthetic Customer 0340,1970,Ulster (ROI),Emerging Affluent,109938.22,237,0,SYNTHETIC
C000341,Synthetic Customer 0341,1950,Leinster,Mass Market,22000,116,0,SYNTHETIC
C000342,Synthetic Customer 0342,1967,Dublin,Mass Market,41791.79,33,0,SYNTHETIC
C000343,Synthetic Customer 0343,2002,Ulster (ROI),Mass Market,22247.17,125,0,SYNTHETIC
C000344,Synthetic Customer 0344,1968,Dublin,Mass Market,35991.44,188,0,SYNTHETIC
C000345,Synthetic Customer 0345,1950,Connacht,Emerging Affluent,30025.0,120,0,SYNTHETIC
C000346,Synthetic Customer 0346,1998,Leinster,Mass Market,46263.57,179,0,SYNTHETIC
C000347,Synthetic Customer 0347,1966,Munster,Mass Market,70353.28,226,0,SYNTHETIC
C000348,Synthetic Customer 0348,1986,Dublin,Mass Market,22000,72,0,SYNTHETIC
C000349,Synthetic Customer 0349,1951,Dublin,Mass Market,92689.48,9,1,SYNTHETIC
C000350,Synthetic Customer 0350,1992,Munster,Affluent,41727.39,224,0,SYNTHETIC
C000351,Synthetic Customer 0351,1985,Connacht,Mass Market,37316.18,101,0,SYNTHETIC
C000352,Synthetic Customer 0352,1973,Leinster,Mass Market,44007.26,46,0,SYNTHETIC
C000353,Synthetic Customer 0353,1963,Leinster,Mass Market,34252.99,58,0,SYNTHETIC
C000354,Synthetic Customer 0354,1995,Connacht,Emerging Affluent,38414.1,128,0,SYNTHETIC
C000355,Synthetic Customer 0355,1993,Leinster,Mass Market,37696.74,184,0,SYNTHETIC
C000356,Synthetic Customer 0356,1967,Ulster (ROI),Emerging Affluent,94196.99,14,0,SYNTHETIC
C000357,Synthetic Customer 0357,1987,Leinster,Mass Market,35168.14,237,0,SYNTHETIC
C000358,Synthetic Customer 0358,1955,Munster,Mass Market,45947.42,197,0,SYNTHETIC
C000359,Synthetic Customer 0359,1956,Dublin,Emerging Affluent,99371.98,167,0,SYNTHETIC
C000360,Synthetic Customer 0360,1974,Connacht,Mass Market,40262.84,88,0,SYNTHETIC
C000361,Synthetic Customer 0361,1951,Dublin,Mass Market,51967.01,97,0,SYNTHETIC
C000362,Synthetic Customer 0362,1982,Connacht,Emerging Affluent,55826.37,225,0,SYNTHETIC
C000363,Synthetic Customer 0363,1967,Ulster (ROI),Mass Market,37195.52,95,0,SYNTHETIC
C000364,Synthetic Customer 0364,1966,Dublin,Mass Market,65839.38,180,0,SYNTHETIC
C000365,Synthetic Customer 0365,1998,Dublin,Mass Market,22000,49,0,SYNTHETIC
C000366,Synthetic Customer 0366,1966,Leinster,Affluent,67052.81,115,0,SYNTHETIC
C000367,Synthetic Customer 0367,1980,Connacht,Mass Market,46529.31,61,0,SYNTHETIC
C000368,Synthetic Customer 0368,2005,Dublin,Affluent,59565.64,51,0,SYNTHETIC
C000369,Synthetic Customer 0369,1965,Ulster (ROI),Affluent,37322.1,103,0,SYNTHETIC
C000370,Synthetic Customer 0370,1949,Leinster,Mass Market,91407.24,46,0,SYNTHETIC
C000371,Synthetic Customer 0371,1980,Dublin,Mass Market,22000,162,1,SYNTHETIC
C000372,Synthetic Customer 0372,1964,Leinster,Mass Market,33040.87,40,0,SYNTHETIC
C000373,Synthetic Customer 0373,1965,Leinster,Emerging Affluent,37869.93,191,0,SYNTHETIC
C000374,Synthetic Customer 0374,1986,Ulster (ROI),Mass Market,42868.36,82,0,SYNTHETIC
C000375,Synthetic Customer 0375,1983,Dublin,Mass Market,53453.98,93,0,SYNTHETIC
C000376,Synthetic Customer 0376,1994,Connacht,Mass Market,38135.9,233,0,SYNTHETIC
C000377,Synthetic Customer 0377,1997,Dublin,Mass Market,59348.43,200,0,SYNTHETIC
C000378,Synthetic Customer 0378,2001,Dublin,Emerging Affluent,33946.65,171,0,SYNTHETIC
C000379,Synthetic Customer 0379,2002,Munster,Mass Market,23033.04,115,0,SYNTHETIC
C000380,Synthetic Customer 0380,1988,Ulster (ROI),Mass Market,52069.16,81,0,SYNTHETIC
C000381,Synthetic Customer 0381,1949,Connacht,Mass Market,50491.3,219,0,SYNTHETIC
C000382,Synthetic Customer 0382,1953,Connacht,Mass Market,22000,11,0,SYNTHETIC
C000383,Synthetic Customer 0383,1967,Connacht,Mass Market,60260.89,113,0,SYNTHETIC
C000384,Synthetic Customer 0384,1995,Dublin,Emerging Affluent,70121.32,5,0,SYNTHETIC
C000385,Synthetic Customer 0385,2001,Leinster,Mass Market,41122.4,121,0,SYNTHETIC
C000386,Synthetic Customer 0386,1950,Munster,Mass Market,38791.85,23,0,SYNTHETIC
C000387,Synthetic Customer 0387,2004,Connacht,Mass Market,28779.3,220,0,SYNTHETIC
C000388,Synthetic Customer 0388,1980,Leinster,Mass Market,29866.92,79,0,SYNTHETIC
C000389,Synthetic Customer 0389,1989,Dublin,Mass Market,34616.5,170,0,SYNTHETIC
C000390,Synthetic Customer 0390,1965,Dublin,Mass Market,22000,168,1,SYNTHETIC
C000391,Synthetic Customer 0391,1952,Leinster,Mass Market,54290.32,63,0,SYNTHETIC
C000392,Synthetic Customer 0392,1980,Munster,Mass Market,29679.13,85,0,SYNTHETIC
C000393,Synthetic Customer 0393,1969,Connacht,Mass Market,74797.8,142,0,SYNTHETIC
C000394,Synthetic Customer 0394,1980,Dublin,Mass Market,45810.59,216,1,SYNTHETIC
C000395,Synthetic Customer 0395,1980,Ulster (ROI),Affluent,37589.35,173,0,SYNTHETIC
C000396,Synthetic Customer 0396,1977,Connacht,Mass Market,44161.63,19,0,SYNTHETIC
C000397,Synthetic Customer 0397,1969,Munster,Mass Market,35036.5,54,0,SYNTHETIC
C000398,Synthetic Customer 0398,1993,Leinster,Mass Market,23458.28,136,0,SYNTHETIC
C000399,Synthetic Customer 0399,1974,Dublin,Mass Market,22000,99,0,SYNTHETIC
C000400,Synthetic Customer 0400,1961,Dublin,Mass Market,67901.05,18,1,SYNTHETIC
C000401,Synthetic Customer 0401,1988,Munster,Emerging Affluent,39759.67,23,0,SYNTHETIC
C000402,Synthetic Customer 0402,1986,Leinster,Emerging Affluent,60238.19,192,0,SYNTHETIC
C000403,Synthetic Customer 0403,1987,Dublin,Emerging Affluent,42931.12,11,0,SYNTHETIC
C000404,Synthetic Customer 0404,1971,Connacht,Mass Market,86198.4,220,0,SYNTHETIC
C000405,Synthetic Customer 0405,1992,Connacht,Mass Market,22000,211,0,SYNTHETIC
C000406,Synthetic Customer 0406,1968,Munster,Mass Market,36565.88,235,0,SYNTHETIC
C000407,Synthetic Customer 0407,1980,Connacht,Mass Market,55914.03,141,0,SYNTHETIC
C000408,Synthetic Customer 0408,1969,Connacht,Mass Market,22895.53,62,0,SYNTHETIC
C000409,Synthetic Customer 0409,1971,Leinster,Mass Market,22000,186,0,SYNTHETIC
C000410,Synthetic Customer 0410,1983,Dublin,Emerging Affluent,34989.56,233,0,SYNTHETIC
C000411,Synthetic Customer 0411,1952,Connacht,Emerging Affluent,39102.1,36,0,SYNTHETIC
C000412,Synthetic Customer 0412,1952,Connacht,Mass Market,48428.88,223,0,SYNTHETIC
C000413,Synthetic Customer 0413,1993,Connacht,Mass Market,65218.2,157,0,SYNTHETIC
C000414,Synthetic Customer 0414,1984,Ulster (ROI),Mass Market,28020.77,23,1,SYNTHETIC
C000415,Synthetic Customer 0415,1960,Munster,Mass Market,52312.15,111,0,SYNTHETIC
C000416,Synthetic Customer 0416,1996,Leinster,Mass Market,23137.63,173,0,SYNTHETIC
C000417,Synthetic Customer 0417,1995,Connacht,Mass Market,22205.72,80,0,SYNTHETIC
C000418,Synthetic Customer 0418,1972,Dublin,Emerging Affluent,23580.32,52,0,SYNTHETIC
C000419,Synthetic Customer 0419,1959,Connacht,Mass Market,54876.56,121,0,SYNTHETIC
C000420,Synthetic Customer 0420,1977,Munster,Mass Market,22000,211,0,SYNTHETIC
C000421,Synthetic Customer 0421,1973,Dublin,Mass Market,50576.56,152,0,SYNTHETIC
C000422,Synthetic Customer 0422,1964,Leinster,Mass Market,37630.28,35,0,SYNTHETIC
C000423,Synthetic Customer 0423,1965,Connacht,Mass Market,35848.16,51,0,SYNTHETIC
C000424,Synthetic Customer 0424,1980,Dublin,Mass Market,23803.36,237,0,SYNTHETIC
C000425,Synthetic Customer 0425,1989,Ulster (ROI),Mass Market,52432.13,91,0,SYNTHETIC
C000426,Synthetic Customer 0426,1980,Connacht,Mass Market,28706.81,220,0,SYNTHETIC
C000427,Synthetic Customer 0427,1964,Dublin,Mass Market,36785.08,166,0,SYNTHETIC
C000428,Synthetic Customer 0428,1957,Connacht,Mass Market,45051.54,36,0,SYNTHETIC
C000429,Synthetic Customer 0429,1994,Connacht,Affluent,26161.77,196,1,SYNTHETIC
C000430,Synthetic Customer 0430,1958,Leinster,Mass Market,46826.13,82,0,SYNTHETIC
C000431,Synthetic Customer 0431,1978,Ulster (ROI),Mass Market,34376.88,26,1,SYNTHETIC
C000432,Synthetic Customer 0432,1974,Munster,Emerging Affluent,40419.31,185,0,SYNTHETIC
C000433,Synthetic Customer 0433,1958,Dublin,Mass Market,27582.02,212,0,SYNTHETIC
C000434,Synthetic Customer 0434,1979,Connacht,Emerging Affluent,33736.24,83,0,SYNTHETIC
C000435,Synthetic Customer 0435,1970,Leinster,Mass Market,91867.19,177,0,SYNTHETIC
C000436,Synthetic Customer 0436,1992,Munster,Mass Market,26355.15,178,1,SYNTHETIC
C000437,Synthetic Customer 0437,1993,Leinster,Mass Market,56223.54,163,0,SYNTHETIC
C000438,Synthetic Customer 0438,1962,Munster,Mass Market,86869.67,23,0,SYNTHETIC
C000439,Synthetic Customer 0439,1953,Dublin,Mass Market,22000,218,0,SYNTHETIC
C000440,Synthetic Customer 0440,1954,Leinster,Emerging Affluent,24870.5,153,0,SYNTHETIC
C000441,Synthetic Customer 0441,1953,Leinster,Mass Market,28776.96,40,0,SYNTHETIC
C000442,Synthetic Customer 0442,1970,Dublin,Mass Market,57808.25,196,0,SYNTHETIC
C000443,Synthetic Customer 0443,1993,Leinster,Emerging Affluent,61274.88,225,0,SYNTHETIC
C000444,Synthetic Customer 0444,1984,Leinster,Mass Market,32354.75,193,0,SYNTHETIC
C000445,Synthetic Customer 0445,1955,Ulster (ROI),Mass Market,79155.19,55,0,SYNTHETIC
C000446,Synthetic Customer 0446,1955,Dublin,Mass Market,47602.27,187,0,SYNTHETIC
C000447,Synthetic Customer 0447,1956,Leinster,Mass Market,48661.26,116,0,SYNTHETIC
C000448,Synthetic Customer 0448,1978,Munster,Mass Market,23190.37,44,0,SYNTHETIC
C000449,Synthetic Customer 0449,1995,Dublin,Affluent,71051.36,14,0,SYNTHETIC
C000450,Synthetic Customer 0450,1965,Munster,Affluent,104361.53,169,0,SYNTHETIC
C000451,Synthetic Customer 0451,1970,Ulster (ROI),Mass Market,57318.11,198,0,SYNTHETIC
C000452,Synthetic Customer 0452,1983,Munster,Mass Market,54314.47,38,0,SYNTHETIC
C000453,Synthetic Customer 0453,2003,Munster,Mass Market,37211.77,48,0,SYNTHETIC
C000454,Synthetic Customer 0454,1975,Connacht,Mass Market,22000,34,0,SYNTHETIC
C000455,Synthetic Customer 0455,1979,Leinster,Mass Market,22000,194,0,SYNTHETIC
C000456,Synthetic Customer 0456,1954,Dublin,Mass Market,65041.44,107,0,SYNTHETIC
C000457,Synthetic Customer 0457,1991,Dublin,Mass Market,85005.91,80,0,SYNTHETIC
C000458,Synthetic Customer 0458,1987,Dublin,Emerging Affluent,51060.21,232,0,SYNTHETIC
C000459,Synthetic Customer 0459,1960,Dublin,Emerging Affluent,27009.94,167,0,SYNTHETIC
C000460,Synthetic Customer 0460,1984,Leinster,Mass Market,76767.93,49,0,SYNTHETIC
C000461,Synthetic Customer 0461,1952,Dublin,Mass Market,57430.22,35,0,SYNTHETIC
C000462,Synthetic Customer 0462,1997,Ulster (ROI),Mass Market,34106.09,15,0,SYNTHETIC
C000463,Synthetic Customer 0463,1950,Leinster,Emerging Affluent,32676.94,180,0,SYNTHETIC
C000464,Synthetic Customer 0464,1997,Connacht,Emerging Affluent,49179.82,83,0,SYNTHETIC
C000465,Synthetic Customer 0465,1980,Leinster,Mass Market,47240.31,219,1,SYNTHETIC
C000466,Synthetic Customer 0466,1995,Dublin,Mass Market,56352.52,120,1,SYNTHETIC
C000467,Synthetic Customer 0467,1976,Leinster,Mass Market,70030.0,21,0,SYNTHETIC
C000468,Synthetic Customer 0468,1966,Ulster (ROI),Mass Market,38583.75,141,1,SYNTHETIC
C000469,Synthetic Customer 0469,2000,Leinster,Emerging Affluent,45744.59,111,0,SYNTHETIC
C000470,Synthetic Customer 0470,1963,Connacht,Emerging Affluent,22439.18,31,0,SYNTHETIC
C000471,Synthetic Customer 0471,2005,Dublin,Mass Market,46948.16,217,0,SYNTHETIC
C000472,Synthetic Customer 0472,1964,Leinster,Mass Market,52727.4,17,0,SYNTHETIC
C000473,Synthetic Customer 0473,1965,Dublin,Mass Market,34697.81,148,0,SYNTHETIC
C000474,Synthetic Customer 0474,1968,Munster,Mass Market,22210.13,167,0,SYNTHETIC
C000475,Synthetic Customer 0475,1984,Dublin,Affluent,74334.7,215,0,SYNTHETIC
C000476,Synthetic Customer 0476,1948,Dublin,Emerging Affluent,32496.45,81,1,SYNTHETIC
C000477,Synthetic Customer 0477,1956,Leinster,Mass Market,99328.7,73,0,SYNTHETIC
C000478,Synthetic Customer 0478,2003,Connacht,Mass Market,48489.52,35,0,SYNTHETIC
C000479,Synthetic Customer 0479,1994,Munster,Mass Market,50445.67,196,0,SYNTHETIC
C000480,Synthetic Customer 0480,1980,Connacht,Mass Market,22000,159,0,SYNTHETIC
C000481,Synthetic Customer 0481,1964,Dublin,Mass Market,59001.26,188,0,SYNTHETIC
C000482,Synthetic Customer 0482,1983,Leinster,Mass Market,40483.28,165,0,SYNTHETIC
C000483,Synthetic Customer 0483,1954,Munster,Mass Market,22000,226,0,SYNTHETIC
C000484,Synthetic Customer 0484,1989,Dublin,Emerging Affluent,36119.12,20,0,SYNTHETIC
C000485,Synthetic Customer 0485,1964,Dublin,Affluent,22000,61,1,SYNTHETIC
C000486,Synthetic Customer 0486,1951,Dublin,Mass Market,52823.74,108,0,SYNTHETIC
C000487,Synthetic Customer 0487,1993,Connacht,Mass Market,62311.19,75,0,SYNTHETIC
C000488,Synthetic Customer 0488,1970,Leinster,Mass Market,57248.43,45,0,SYNTHETIC
C000489,Synthetic Customer 0489,1963,Dublin,Affluent,46003.55,195,0,SYNTHETIC
C000490,Synthetic Customer 0490,1996,Connacht,Mass Market,55814.87,207,0,SYNTHETIC
C000491,Synthetic Customer 0491,1951,Dublin,Mass Market,43920.53,35,0,SYNTHETIC
C000492,Synthetic Customer 0492,1994,Dublin,Mass Market,22000,193,0,SYNTHETIC
C000493,Synthetic Customer 0493,1981,Dublin,Mass Market,28057.37,238,0,SYNTHETIC
C000494,Synthetic Customer 0494,1955,Connacht,Mass Market,41089.47,230,0,SYNTHETIC
C000495,Synthetic Customer 0495,1980,Munster,Mass Market,27885.22,43,0,SYNTHETIC
C000496,Synthetic Customer 0496,1956,Ulster (ROI),Mass Market,39637.57,144,0,SYNTHETIC
C000497,Synthetic Customer 0497,1977,Munster,Mass Market,38434.3,209,0,SYNTHETIC
C000498,Synthetic Customer 0498,1953,Dublin,Mass Market,48806.42,159,0,SYNTHETIC
C000499,Synthetic Customer 0499,1989,Leinster,Mass Market,35058.51,120,0,SYNTHETIC
C000500,Synthetic Customer 0500,1991,Leinster,Mass Market,33296.29,231,0,SYNTHETIC
C000501,Synthetic Customer 0501,1949,Leinster,Mass Market,22000,10,0,SYNTHETIC
C000502,Synthetic Customer 0502,1994,Dublin,Mass Market,24394.56,223,0,SYNTHETIC
C000503,Synthetic Customer 0503,1972,Dublin,Mass Market,22742.63,51,1,SYNTHETIC
C000504,Synthetic Customer 0504,1992,Leinster,Mass Market,24866.28,196,0,SYNTHETIC
C000505,Synthetic Customer 0505,1991,Dublin,Mass Market,46933.51,196,0,SYNTHETIC
C000506,Synthetic Customer 0506,1955,Munster,Mass Market,42820.41,159,0,SYNTHETIC
C000507,Synthetic Customer 0507,1997,Connacht,Affluent,41268.55,133,0,SYNTHETIC
C000508,Synthetic Customer 0508,1960,Dublin,Mass Market,54634.03,22,0,SYNTHETIC
C000509,Synthetic Customer 0509,1978,Leinster,Mass Market,32629.41,175,0,SYNTHETIC
C000510,Synthetic Customer 0510,1997,Leinster,Mass Market,22000,137,0,SYNTHETIC
C000511,Synthetic Customer 0511,1960,Connacht,Mass Market,72122.98,126,0,SYNTHETIC
C000512,Synthetic Customer 0512,1995,Dublin,Mass Market,53798.07,132,0,SYNTHETIC
C000513,Synthetic Customer 0513,1963,Leinster,Affluent,50399.19,226,0,SYNTHETIC
C000514,Synthetic Customer 0514,1992,Connacht,Mass Market,22775.82,30,0,SYNTHETIC
C000515,Synthetic Customer 0515,1958,Leinster,Mass Market,22000,64,0,SYNTHETIC
C000516,Synthetic Customer 0516,1967,Dublin,Mass Market,63700.24,31,0,SYNTHETIC
C000517,Synthetic Customer 0517,1970,Leinster,Mass Market,23554.26,49,0,SYNTHETIC
C000518,Synthetic Customer 0518,1958,Dublin,Mass Market,22000,133,0,SYNTHETIC
C000519,Synthetic Customer 0519,1997,Munster,Affluent,47947.22,102,0,SYNTHETIC
C000520,Synthetic Customer 0520,1953,Dublin,Mass Market,39027.67,129,0,SYNTHETIC
C000521,Synthetic Customer 0521,1961,Connacht,Mass Market,61828.54,48,0,SYNTHETIC
C000522,Synthetic Customer 0522,1955,Dublin,Emerging Affluent,48475.65,80,1,SYNTHETIC
C000523,Synthetic Customer 0523,1978,Dublin,Mass Market,33236.12,211,0,SYNTHETIC
C000524,Synthetic Customer 0524,1992,Dublin,Emerging Affluent,40242.28,133,0,SYNTHETIC
C000525,Synthetic Customer 0525,1989,Munster,Emerging Affluent,30731.83,16,0,SYNTHETIC
C000526,Synthetic Customer 0526,2004,Munster,Mass Market,32060.38,108,0,SYNTHETIC
C000527,Synthetic Customer 0527,2002,Leinster,Mass Market,44261.63,124,0,SYNTHETIC
C000528,Synthetic Customer 0528,1982,Dublin,Mass Market,33985.33,123,1,SYNTHETIC
C000529,Synthetic Customer 0529,1967,Leinster,Mass Market,49668.68,88,0,SYNTHETIC
C000530,Synthetic Customer 0530,1999,Leinster,Mass Market,41956.07,59,0,SYNTHETIC
C000531,Synthetic Customer 0531,1991,Leinster,Mass Market,22000,207,0,SYNTHETIC
C000532,Synthetic Customer 0532,1953,Leinster,Mass Market,22000,94,0,SYNTHETIC
C000533,Synthetic Customer 0533,1971,Munster,Affluent,44865.62,133,0,SYNTHETIC
C000534,Synthetic Customer 0534,1995,Ulster (ROI),Mass Market,49469.54,69,1,SYNTHETIC
C000535,Synthetic Customer 0535,1986,Dublin,Mass Market,42694.04,197,0,SYNTHETIC
C000536,Synthetic Customer 0536,1953,Dublin,Mass Market,41132.24,83,0,SYNTHETIC
C000537,Synthetic Customer 0537,1985,Munster,Mass Market,41932.29,71,0,SYNTHETIC
C000538,Synthetic Customer 0538,1979,Munster,Emerging Affluent,22000,186,0,SYNTHETIC
C000539,Synthetic Customer 0539,1982,Leinster,Mass Market,34810.74,78,0,SYNTHETIC
C000540,Synthetic Customer 0540,1983,Dublin,Mass Market,35267.96,83,0,SYNTHETIC
C000541,Synthetic Customer 0541,2004,Munster,Mass Market,42471.65,140,0,SYNTHETIC
C000542,Synthetic Customer 0542,1954,Dublin,Emerging Affluent,45835.57,237,1,SYNTHETIC
C000543,Synthetic Customer 0543,1975,Munster,Mass Market,72137.95,109,0,SYNTHETIC
C000544,Synthetic Customer 0544,1977,Dublin,Mass Market,43241.5,146,0,SYNTHETIC
C000545,Synthetic Customer 0545,1964,Connacht,Mass Market,50866.09,87,0,SYNTHETIC
C000546,Synthetic Customer 0546,1967,Dublin,Emerging Affluent,22000,82,0,SYNTHETIC
C000547,Synthetic Customer 0547,1950,Ulster (ROI),Mass Market,22276.63,109,0,SYNTHETIC
C000548,Synthetic Customer 0548,1954,Leinster,Mass Market,22000,4,0,SYNTHETIC
C000549,Synthetic Customer 0549,1955,Munster,Emerging Affluent,23744.2,206,0,SYNTHETIC
C000550,Synthetic Customer 0550,1989,Dublin,Mass Market,39834.22,89,0,SYNTHETIC
C000551,Synthetic Customer 0551,1995,Dublin,Mass Market,81143.48,84,0,SYNTHETIC
C000552,Synthetic Customer 0552,1974,Munster,Emerging Affluent,37508.86,51,0,SYNTHETIC
C000553,Synthetic Customer 0553,1955,Leinster,Mass Market,41951.11,98,0,SYNTHETIC
C000554,Synthetic Customer 0554,1970,Connacht,Emerging Affluent,23560.62,120,0,SYNTHETIC
C000555,Synthetic Customer 0555,1968,Leinster,Mass Market,22000,116,0,SYNTHETIC
C000556,Synthetic Customer 0556,1967,Connacht,Emerging Affluent,37627.61,98,0,SYNTHETIC
C000557,Synthetic Customer 0557,1985,Munster,Mass Market,48178.18,105,0,SYNTHETIC
C000558,Synthetic Customer 0558,1982,Leinster,Mass Market,78039.47,28,0,SYNTHETIC
C000559,Synthetic Customer 0559,1958,Dublin,Emerging Affluent,79735.01,105,0,SYNTHETIC
C000560,Synthetic Customer 0560,2002,Leinster,Mass Market,22000,41,0,SYNTHETIC
C000561,Synthetic Customer 0561,1955,Leinster,Mass Market,22000,5,0,SYNTHETIC
C000562,Synthetic Customer 0562,1973,Ulster (ROI),Mass Market,40522.24,62,0,SYNTHETIC
C000563,Synthetic Customer 0563,1953,Munster,Mass Market,73508.92,70,0,SYNTHETIC
C000564,Synthetic Customer 0564,1989,Ulster (ROI),Mass Market,95090.0,30,0,SYNTHETIC
C000565,Synthetic Customer 0565,1957,Dublin,Mass Market,65053.05,73,0,SYNTHETIC
C000566,Synthetic Customer 0566,1977,Dublin,Emerging Affluent,22000,222,0,SYNTHETIC
C000567,Synthetic Customer 0567,1955,Munster,Mass Market,32623.09,13,0,SYNTHETIC
C000568,Synthetic Customer 0568,1963,Ulster (ROI),Mass Market,31665.27,113,0,SYNTHETIC
C000569,Synthetic Customer 0569,1975,Munster,Emerging Affluent,22000,147,0,SYNTHETIC
C000570,Synthetic Customer 0570,2005,Ulster (ROI),Mass Market,36124.64,230,0,SYNTHETIC
C000571,Synthetic Customer 0571,1965,Ulster (ROI),Mass Market,54782.76,232,0,SYNTHETIC
C000572,Synthetic Customer 0572,1999,Leinster,Mass Market,26089.93,74,0,SYNTHETIC
C000573,Synthetic Customer 0573,1992,Connacht,Mass Market,54871.52,54,0,SYNTHETIC
C000574,Synthetic Customer 0574,2001,Connacht,Mass Market,23834.68,46,0,SYNTHETIC
C000575,Synthetic Customer 0575,2005,Ulster (ROI),Mass Market,27176.73,155,0,SYNTHETIC
C000576,Synthetic Customer 0576,1978,Munster,Mass Market,48542.87,10,0,SYNTHETIC
C000577,Synthetic Customer 0577,1991,Dublin,Emerging Affluent,41596.84,141,0,SYNTHETIC
C000578,Synthetic Customer 0578,2003,Dublin,Mass Market,63105.38,89,1,SYNTHETIC
C000579,Synthetic Customer 0579,1971,Ulster (ROI),Mass Market,62480.43,18,0,SYNTHETIC
C000580,Synthetic Customer 0580,1999,Leinster,Mass Market,22000,171,0,SYNTHETIC
C000581,Synthetic Customer 0581,1999,Ulster (ROI),Mass Market,29573.52,148,0,SYNTHETIC
C000582,Synthetic Customer 0582,1969,Munster,Mass Market,49077.57,24,0,SYNTHETIC
C000583,Synthetic Customer 0583,1960,Leinster,Mass Market,54319.42,96,0,SYNTHETIC
C000584,Synthetic Customer 0584,1951,Leinster,Mass Market,22000,32,0,SYNTHETIC
C000585,Synthetic Customer 0585,1984,Dublin,Emerging Affluent,119916.52,7,0,SYNTHETIC
C000586,Synthetic Customer 0586,1983,Connacht,Emerging Affluent,41988.87,169,0,SYNTHETIC
C000587,Synthetic Customer 0587,2002,Leinster,Mass Market,69434.96,153,0,SYNTHETIC
C000588,Synthetic Customer 0588,1972,Ulster (ROI),Mass Market,33552.52,204,0,SYNTHETIC
C000589,Synthetic Customer 0589,1978,Munster,Mass Market,30541.45,44,0,SYNTHETIC
C000590,Synthetic Customer 0590,2001,Munster,Emerging Affluent,22000,37,0,SYNTHETIC
C000591,Synthetic Customer 0591,1962,Dublin,Emerging Affluent,43873.67,129,0,SYNTHETIC
C000592,Synthetic Customer 0592,1949,Leinster,Mass Market,28689.94,18,0,SYNTHETIC
C000593,Synthetic Customer 0593,1963,Dublin,Emerging Affluent,26903.46,151,0,SYNTHETIC
C000594,Synthetic Customer 0594,1993,Munster,Mass Market,29809.44,37,0,SYNTHETIC
C000595,Synthetic Customer 0595,1970,Ulster (ROI),Mass Market,45137.55,169,0,SYNTHETIC
C000596,Synthetic Customer 0596,1981,Leinster,Mass Market,22000,3,0,SYNTHETIC
C000597,Synthetic Customer 0597,1992,Ulster (ROI),Mass Market,22000,7,0,SYNTHETIC
C000598,Synthetic Customer 0598,1965,Dublin,Emerging Affluent,65228.65,58,0,SYNTHETIC
C000599,Synthetic Customer 0599,1989,Leinster,Mass Market,35367.06,107,0,SYNTHETIC
C000600,Synthetic Customer 0600,1952,Leinster,Mass Market,54752.17,202,0,SYNTHETIC
C000601,Synthetic Customer 0601,2000,Leinster,Emerging Affluent,49665.03,175,0,SYNTHETIC
C000602,Synthetic Customer 0602,2003,Munster,Mass Market,56675.68,202,0,SYNTHETIC
C000603,Synthetic Customer 0603,2005,Munster,Mass Market,22000,97,1,SYNTHETIC
C000604,Synthetic Customer 0604,1967,Dublin,Emerging Affluent,43137.22,39,0,SYNTHETIC
C000605,Synthetic Customer 0605,1967,Dublin,Mass Market,28000.47,47,0,SYNTHETIC
C000606,Synthetic Customer 0606,1995,Connacht,Mass Market,24764.08,44,1,SYNTHETIC
C000607,Synthetic Customer 0607,1955,Ulster (ROI),Mass Market,22000,82,0,SYNTHETIC
C000608,Synthetic Customer 0608,1962,Munster,Mass Market,37137.01,73,0,SYNTHETIC
C000609,Synthetic Customer 0609,1972,Munster,Emerging Affluent,41035.37,34,0,SYNTHETIC
C000610,Synthetic Customer 0610,1979,Leinster,Mass Market,29358.98,216,0,SYNTHETIC
C000611,Synthetic Customer 0611,1989,Munster,Mass Market,26633.51,82,0,SYNTHETIC
C000612,Synthetic Customer 0612,1984,Connacht,Emerging Affluent,74835.1,137,0,SYNTHETIC
C000613,Synthetic Customer 0613,2001,Munster,Mass Market,78607.34,35,0,SYNTHETIC
C000614,Synthetic Customer 0614,1995,Leinster,Emerging Affluent,50816.43,198,1,SYNTHETIC
C000615,Synthetic Customer 0615,1951,Dublin,Mass Market,57781.69,11,0,SYNTHETIC
C000616,Synthetic Customer 0616,1979,Leinster,Mass Market,43357.28,88,0,SYNTHETIC
C000617,Synthetic Customer 0617,2005,Ulster (ROI),Affluent,65522.95,190,1,SYNTHETIC
C000618,Synthetic Customer 0618,1969,Leinster,Mass Market,22000,190,0,SYNTHETIC
C000619,Synthetic Customer 0619,1995,Munster,Affluent,32739.64,55,0,SYNTHETIC
C000620,Synthetic Customer 0620,1993,Munster,Emerging Affluent,54554.09,132,0,SYNTHETIC
C000621,Synthetic Customer 0621,1980,Leinster,Mass Market,28385.49,131,0,SYNTHETIC
C000622,Synthetic Customer 0622,2004,Connacht,Mass Market,49660.11,26,0,SYNTHETIC
C000623,Synthetic Customer 0623,1973,Dublin,Affluent,73949.91,102,0,SYNTHETIC
C000624,Synthetic Customer 0624,1993,Dublin,Mass Market,31225.39,236,0,SYNTHETIC
C000625,Synthetic Customer 0625,1949,Dublin,Mass Market,49745.46,12,0,SYNTHETIC
C000626,Synthetic Customer 0626,1958,Dublin,Emerging Affluent,73916.73,135,0,SYNTHETIC
C000627,Synthetic Customer 0627,1948,Ulster (ROI),Emerging Affluent,27702.53,122,0,SYNTHETIC
C000628,Synthetic Customer 0628,1982,Leinster,Mass Market,23906.45,202,0,SYNTHETIC
C000629,Synthetic Customer 0629,1972,Leinster,Mass Market,37500.27,136,1,SYNTHETIC
C000630,Synthetic Customer 0630,1967,Ulster (ROI),Mass Market,49784.08,14,0,SYNTHETIC
C000631,Synthetic Customer 0631,1960,Leinster,Mass Market,43572.16,219,0,SYNTHETIC
C000632,Synthetic Customer 0632,1965,Dublin,Mass Market,41461.58,53,0,SYNTHETIC
C000633,Synthetic Customer 0633,1948,Leinster,Mass Market,78485.24,94,1,SYNTHETIC
C000634,Synthetic Customer 0634,1984,Munster,Mass Market,44477.84,47,0,SYNTHETIC
C000635,Synthetic Customer 0635,1960,Leinster,Emerging Affluent,36526.56,24,0,SYNTHETIC
C000636,Synthetic Customer 0636,1963,Leinster,Emerging Affluent,28194.08,32,0,SYNTHETIC
C000637,Synthetic Customer 0637,1968,Leinster,Emerging Affluent,27731.63,189,0,SYNTHETIC
C000638,Synthetic Customer 0638,1980,Munster,Emerging Affluent,29971.48,75,0,SYNTHETIC
C000639,Synthetic Customer 0639,2005,Ulster (ROI),Mass Market,38847.86,135,0,SYNTHETIC
C000640,Synthetic Customer 0640,1970,Dublin,Mass Market,121897.07,112,0,SYNTHETIC
C000641,Synthetic Customer 0641,1980,Dublin,Mass Market,35446.29,81,0,SYNTHETIC
C000642,Synthetic Customer 0642,1989,Connacht,Mass Market,43146.06,150,0,SYNTHETIC
C000643,Synthetic Customer 0643,1975,Dublin,Emerging Affluent,32537.95,82,0,SYNTHETIC
C000644,Synthetic Customer 0644,1949,Dublin,Mass Market,26856.31,94,0,SYNTHETIC
C000645,Synthetic Customer 0645,1976,Dublin,Mass Market,63752.97,146,0,SYNTHETIC
C000646,Synthetic Customer 0646,1978,Leinster,Mass Market,26078.19,73,0,SYNTHETIC
C000647,Synthetic Customer 0647,1956,Dublin,Mass Market,51727.93,141,0,SYNTHETIC
C000648,Synthetic Customer 0648,1971,Dublin,Mass Market,39382.18,82,0,SYNTHETIC
C000649,Synthetic Customer 0649,1973,Ulster (ROI),Mass Market,46868.17,47,0,SYNTHETIC
C000650,Synthetic Customer 0650,1967,Dublin,Emerging Affluent,28686.73,221,0,SYNTHETIC
C000651,Synthetic Customer 0651,1992,Ulster (ROI),Emerging Affluent,28870.36,178,0,SYNTHETIC
C000652,Synthetic Customer 0652,1977,Connacht,Affluent,44910.12,4,0,SYNTHETIC
C000653,Synthetic Customer 0653,1964,Ulster (ROI),Mass Market,40823.32,181,0,SYNTHETIC
C000654,Synthetic Customer 0654,1989,Munster,Mass Market,42424.97,33,0,SYNTHETIC
C000655,Synthetic Customer 0655,1964,Dublin,Mass Market,22353.99,15,0,SYNTHETIC
C000656,Synthetic Customer 0656,1969,Ulster (ROI),Emerging Affluent,33582.16,182,0,SYNTHETIC
C000657,Synthetic Customer 0657,1951,Connacht,Emerging Affluent,30739.33,78,0,SYNTHETIC
C000658,Synthetic Customer 0658,1962,Connacht,Mass Market,33763.12,187,0,SYNTHETIC
C000659,Synthetic Customer 0659,1962,Ulster (ROI),Mass Market,37361.12,60,0,SYNTHETIC
C000660,Synthetic Customer 0660,2000,Dublin,Mass Market,47154.29,194,0,SYNTHETIC
C000661,Synthetic Customer 0661,1970,Munster,Mass Market,30892.76,85,0,SYNTHETIC
C000662,Synthetic Customer 0662,1976,Dublin,Emerging Affluent,79709.09,78,0,SYNTHETIC
C000663,Synthetic Customer 0663,1974,Dublin,Mass Market,56011.35,225,0,SYNTHETIC
C000664,Synthetic Customer 0664,1977,Dublin,Mass Market,30502.23,116,0,SYNTHETIC
C000665,Synthetic Customer 0665,1959,Connacht,Mass Market,46819.07,165,0,SYNTHETIC
C000666,Synthetic Customer 0666,1988,Munster,Emerging Affluent,22000,65,0,SYNTHETIC
C000667,Synthetic Customer 0667,1979,Munster,Mass Market,37488.54,40,0,SYNTHETIC
C000668,Synthetic Customer 0668,1994,Dublin,Mass Market,30211.24,211,0,SYNTHETIC
C000669,Synthetic Customer 0669,1963,Leinster,Mass Market,66393.71,58,0,SYNTHETIC
C000670,Synthetic Customer 0670,2001,Leinster,Mass Market,59349.87,132,1,SYNTHETIC
C000671,Synthetic Customer 0671,1975,Dublin,Mass Market,29938.39,26,0,SYNTHETIC
C000672,Synthetic Customer 0672,1970,Dublin,Emerging Affluent,30121.96,80,0,SYNTHETIC
C000673,Synthetic Customer 0673,2004,Connacht,Affluent,59409.74,226,0,SYNTHETIC
C000674,Synthetic Customer 0674,1980,Dublin,Emerging Affluent,55565.6,159,0,SYNTHETIC
C000675,Synthetic Customer 0675,1997,Dublin,Mass Market,24204.86,27,0,SYNTHETIC
C000676,Synthetic Customer 0676,1994,Leinster,Mass Market,31586.99,103,0,SYNTHETIC
C000677,Synthetic Customer 0677,1991,Leinster,Emerging Affluent,24631.75,29,0,SYNTHETIC
C000678,Synthetic Customer 0678,1962,Leinster,Mass Market,41044.43,20,0,SYNTHETIC
C000679,Synthetic Customer 0679,2003,Munster,Emerging Affluent,46871.63,81,0,SYNTHETIC
C000680,Synthetic Customer 0680,1965,Munster,Mass Market,64284.95,139,0,SYNTHETIC
C000681,Synthetic Customer 0681,1998,Leinster,Mass Market,52274.54,92,0,SYNTHETIC
C000682,Synthetic Customer 0682,1994,Leinster,Mass Market,22000,226,0,SYNTHETIC
C000683,Synthetic Customer 0683,2001,Connacht,Mass Market,36279.71,12,1,SYNTHETIC
C000684,Synthetic Customer 0684,2005,Munster,Mass Market,22000,198,0,SYNTHETIC
C000685,Synthetic Customer 0685,1977,Munster,Mass Market,69201.21,103,1,SYNTHETIC
C000686,Synthetic Customer 0686,1965,Dublin,Mass Market,82239.96,195,0,SYNTHETIC
C000687,Synthetic Customer 0687,1950,Dublin,Emerging Affluent,36710.15,171,0,SYNTHETIC
C000688,Synthetic Customer 0688,1972,Dublin,Mass Market,44053.71,49,0,SYNTHETIC
C000689,Synthetic Customer 0689,1987,Munster,Mass Market,22540.4,186,0,SYNTHETIC
C000690,Synthetic Customer 0690,1992,Connacht,Mass Market,39581.96,155,0,SYNTHETIC
C000691,Synthetic Customer 0691,1963,Dublin,Mass Market,22000,164,0,SYNTHETIC
C000692,Synthetic Customer 0692,1978,Ulster (ROI),Mass Market,57861.27,240,1,SYNTHETIC
C000693,Synthetic Customer 0693,1950,Dublin,Mass Market,23048.73,226,0,SYNTHETIC
C000694,Synthetic Customer 0694,1995,Leinster,Affluent,37452.28,187,1,SYNTHETIC
C000695,Synthetic Customer 0695,1996,Connacht,Affluent,50972.45,140,0,SYNTHETIC
C000696,Synthetic Customer 0696,1966,Connacht,Mass Market,56280.25,116,1,SYNTHETIC
C000697,Synthetic Customer 0697,1970,Connacht,Mass Market,23385.42,36,0,SYNTHETIC
C000698,Synthetic Customer 0698,1991,Dublin,Mass Market,51626.86,95,0,SYNTHETIC
C000699,Synthetic Customer 0699,2003,Dublin,Mass Market,27923.26,125,0,SYNTHETIC
C000700,Synthetic Customer 0700,1956,Munster,Mass Market,32653.07,82,0,SYNTHETIC
C000701,Synthetic Customer 0701,1986,Munster,Mass Market,34482.27,15,0,SYNTHETIC
C000702,Synthetic Customer 0702,1957,Leinster,Mass Market,52663.28,210,0,SYNTHETIC
C000703,Synthetic Customer 0703,2002,Munster,Emerging Affluent,29519.7,61,0,SYNTHETIC
C000704,Synthetic Customer 0704,2001,Ulster (ROI),Mass Market,48759.42,193,0,SYNTHETIC
C000705,Synthetic Customer 0705,1961,Leinster,Mass Market,31639.24,167,0,SYNTHETIC
C000706,Synthetic Customer 0706,1984,Leinster,Affluent,24051.29,223,0,SYNTHETIC
C000707,Synthetic Customer 0707,1954,Connacht,Mass Market,38324.52,115,0,SYNTHETIC
C000708,Synthetic Customer 0708,2005,Dublin,Mass Market,39136.42,215,0,SYNTHETIC
C000709,Synthetic Customer 0709,1955,Ulster (ROI),Mass Market,24518.1,159,0,SYNTHETIC
C000710,Synthetic Customer 0710,1951,Dublin,Mass Market,67157.03,53,0,SYNTHETIC
C000711,Synthetic Customer 0711,1995,Leinster,Mass Market,29380.78,18,0,SYNTHETIC
C000712,Synthetic Customer 0712,1990,Leinster,Emerging Affluent,24473.48,119,0,SYNTHETIC
C000713,Synthetic Customer 0713,1950,Munster,Mass Market,33667.35,81,0,SYNTHETIC
C000714,Synthetic Customer 0714,1973,Ulster (ROI),Emerging Affluent,40235.78,27,0,SYNTHETIC
C000715,Synthetic Customer 0715,1985,Leinster,Mass Market,37825.89,200,0,SYNTHETIC
C000716,Synthetic Customer 0716,1949,Munster,Mass Market,37005.38,143,0,SYNTHETIC
C000717,Synthetic Customer 0717,1967,Leinster,Mass Market,22825.52,1,0,SYNTHETIC
C000718,Synthetic Customer 0718,2003,Ulster (ROI),Mass Market,22525.22,141,0,SYNTHETIC
C000719,Synthetic Customer 0719,1982,Leinster,Mass Market,35069.03,217,1,SYNTHETIC
C000720,Synthetic Customer 0720,1986,Leinster,Mass Market,60205.12,239,1,SYNTHETIC
C000721,Synthetic Customer 0721,1977,Connacht,Mass Market,67904.97,123,1,SYNTHETIC
C000722,Synthetic Customer 0722,1960,Dublin,Emerging Affluent,29998.76,197,0,SYNTHETIC
C000723,Synthetic Customer 0723,1971,Leinster,Emerging Affluent,43207.46,120,0,SYNTHETIC
C000724,Synthetic Customer 0724,1967,Dublin,Mass Market,23714.97,231,0,SYNTHETIC
C000725,Synthetic Customer 0725,1984,Munster,Mass Market,28645.41,52,0,SYNTHETIC
C000726,Synthetic Customer 0726,1989,Dublin,Mass Market,39290.27,81,1,SYNTHETIC
C000727,Synthetic Customer 0727,1967,Dublin,Mass Market,36975.33,17,0,SYNTHETIC
C000728,Synthetic Customer 0728,1984,Leinster,Mass Market,49127.57,4,0,SYNTHETIC
C000729,Synthetic Customer 0729,1961,Dublin,Emerging Affluent,47249.21,81,0,SYNTHETIC
C000730,Synthetic Customer 0730,1948,Leinster,Mass Market,22180.08,47,0,SYNTHETIC
C000731,Synthetic Customer 0731,1984,Munster,Emerging Affluent,23428.39,67,0,SYNTHETIC
C000732,Synthetic Customer 0732,2004,Munster,Mass Market,26410.66,33,0,SYNTHETIC
C000733,Synthetic Customer 0733,1983,Connacht,Mass Market,22090.71,5,0,SYNTHETIC
C000734,Synthetic Customer 0734,1967,Dublin,Mass Market,94870.66,211,0,SYNTHETIC
C000735,Synthetic Customer 0735,1948,Dublin,Mass Market,49020.29,82,0,SYNTHETIC
C000736,Synthetic Customer 0736,1990,Dublin,Emerging Affluent,24895.63,167,0,SYNTHETIC
C000737,Synthetic Customer 0737,1986,Connacht,Mass Market,22000,3,1,SYNTHETIC
C000738,Synthetic Customer 0738,1979,Dublin,Mass Market,32734.64,63,0,SYNTHETIC
C000739,Synthetic Customer 0739,1949,Leinster,Affluent,40639.63,92,0,SYNTHETIC
C000740,Synthetic Customer 0740,1981,Leinster,Mass Market,22000,72,0,SYNTHETIC
C000741,Synthetic Customer 0741,1983,Leinster,Mass Market,38691.75,123,0,SYNTHETIC
C000742,Synthetic Customer 0742,1989,Dublin,Emerging Affluent,41214.25,6,0,SYNTHETIC
C000743,Synthetic Customer 0743,1976,Connacht,Mass Market,55939.69,54,0,SYNTHETIC
C000744,Synthetic Customer 0744,1989,Munster,Emerging Affluent,56662.89,172,0,SYNTHETIC
C000745,Synthetic Customer 0745,1998,Connacht,Mass Market,28830.3,121,0,SYNTHETIC
C000746,Synthetic Customer 0746,1981,Ulster (ROI),Mass Market,32712.54,110,0,SYNTHETIC
C000747,Synthetic Customer 0747,1969,Dublin,Mass Market,97929.27,194,0,SYNTHETIC
C000748,Synthetic Customer 0748,1964,Dublin,Mass Market,107651.8,233,0,SYNTHETIC
C000749,Synthetic Customer 0749,1958,Munster,Affluent,52420.19,123,0,SYNTHETIC
C000750,Synthetic Customer 0750,1962,Connacht,Mass Market,40846.56,103,0,SYNTHETIC
C000751,Synthetic Customer 0751,1973,Leinster,Mass Market,30792.8,86,0,SYNTHETIC
C000752,Synthetic Customer 0752,1974,Munster,Emerging Affluent,31635.48,127,0,SYNTHETIC
C000753,Synthetic Customer 0753,1958,Dublin,Mass Market,22000,186,0,SYNTHETIC
C000754,Synthetic Customer 0754,1961,Munster,Mass Market,25701.16,148,0,SYNTHETIC
C000755,Synthetic Customer 0755,1978,Munster,Mass Market,45896.14,67,1,SYNTHETIC
C000756,Synthetic Customer 0756,1971,Dublin,Mass Market,34493.69,201,0,SYNTHETIC
C000757,Synthetic Customer 0757,1987,Munster,Affluent,22000,142,0,SYNTHETIC
C000758,Synthetic Customer 0758,1959,Leinster,Affluent,22000,69,1,SYNTHETIC
C000759,Synthetic Customer 0759,1969,Leinster,Mass Market,22000,125,0,SYNTHETIC
C000760,Synthetic Customer 0760,2005,Leinster,Mass Market,58639.45,77,1,SYNTHETIC
C000761,Synthetic Customer 0761,1995,Munster,Emerging Affluent,41571.79,129,0,SYNTHETIC
C000762,Synthetic Customer 0762,1962,Connacht,Mass Market,32894.97,208,0,SYNTHETIC
C000763,Synthetic Customer 0763,1970,Leinster,Mass Market,34012.32,183,0,SYNTHETIC
C000764,Synthetic Customer 0764,1973,Dublin,Mass Market,26315.99,57,0,SYNTHETIC
C000765,Synthetic Customer 0765,1996,Connacht,Mass Market,43039.78,42,0,SYNTHETIC
C000766,Synthetic Customer 0766,1968,Leinster,Mass Market,36868.81,44,0,SYNTHETIC
C000767,Synthetic Customer 0767,1972,Leinster,Mass Market,33261.6,118,0,SYNTHETIC
C000768,Synthetic Customer 0768,1987,Ulster (ROI),Mass Market,57760.71,32,1,SYNTHETIC
C000769,Synthetic Customer 0769,1974,Dublin,Mass Market,26772.21,63,0,SYNTHETIC
C000770,Synthetic Customer 0770,1992,Munster,Emerging Affluent,52877.75,79,0,SYNTHETIC
C000771,Synthetic Customer 0771,1985,Dublin,Mass Market,86893.42,2,0,SYNTHETIC
C000772,Synthetic Customer 0772,1976,Leinster,Mass Market,89306.01,179,0,SYNTHETIC
C000773,Synthetic Customer 0773,1995,Dublin,Affluent,22000,102,0,SYNTHETIC
C000774,Synthetic Customer 0774,1960,Dublin,Affluent,41940.11,55,0,SYNTHETIC
C000775,Synthetic Customer 0775,1988,Leinster,Mass Market,94552.12,42,1,SYNTHETIC
C000776,Synthetic Customer 0776,2003,Dublin,Emerging Affluent,119279.03,230,0,SYNTHETIC
C000777,Synthetic Customer 0777,1983,Leinster,Mass Market,57767.97,209,0,SYNTHETIC
C000778,Synthetic Customer 0778,1958,Munster,Affluent,38730.5,161,0,SYNTHETIC
C000779,Synthetic Customer 0779,2002,Dublin,Mass Market,27373.63,149,0,SYNTHETIC
C000780,Synthetic Customer 0780,1985,Dublin,Mass Market,74002.34,167,0,SYNTHETIC
C000781,Synthetic Customer 0781,2002,Connacht,Mass Market,32226.09,178,0,SYNTHETIC
C000782,Synthetic Customer 0782,1964,Dublin,Emerging Affluent,75237.73,3,1,SYNTHETIC
C000783,Synthetic Customer 0783,1995,Ulster (ROI),Emerging Affluent,63996.61,223,0,SYNTHETIC
C000784,Synthetic Customer 0784,1996,Connacht,Affluent,48973.98,190,1,SYNTHETIC
C000785,Synthetic Customer 0785,1977,Connacht,Mass Market,56483.51,226,0,SYNTHETIC
C000786,Synthetic Customer 0786,1967,Ulster (ROI),Mass Market,34150.64,188,1,SYNTHETIC
C000787,Synthetic Customer 0787,1981,Dublin,Emerging Affluent,43090.86,3,0,SYNTHETIC
C000788,Synthetic Customer 0788,1995,Dublin,Affluent,51437.76,98,0,SYNTHETIC
C000789,Synthetic Customer 0789,1998,Dublin,Mass Market,22000,236,0,SYNTHETIC
C000790,Synthetic Customer 0790,1949,Dublin,Mass Market,27568.33,14,0,SYNTHETIC
C000791,Synthetic Customer 0791,1963,Connacht,Mass Market,27391.86,48,0,SYNTHETIC
C000792,Synthetic Customer 0792,1973,Munster,Mass Market,50077.8,6,0,SYNTHETIC
C000793,Synthetic Customer 0793,1963,Connacht,Mass Market,54528.98,126,0,SYNTHETIC
C000794,Synthetic Customer 0794,1956,Ulster (ROI),Emerging Affluent,38340.25,120,0,SYNTHETIC
C000795,Synthetic Customer 0795,1949,Leinster,Mass Market,22000,183,0,SYNTHETIC
C000796,Synthetic Customer 0796,1978,Ulster (ROI),Emerging Affluent,114562.11,163,0,SYNTHETIC
C000797,Synthetic Customer 0797,1959,Leinster,Emerging Affluent,24973.91,26,0,SYNTHETIC
C000798,Synthetic Customer 0798,1973,Leinster,Mass Market,31691.82,196,0,SYNTHETIC
C000799,Synthetic Customer 0799,1976,Dublin,Mass Market,43210.5,209,1,SYNTHETIC
C000800,Synthetic Customer 0800,1962,Leinster,Emerging Affluent,61990.87,74,0,SYNTHETIC
C000801,Synthetic Customer 0801,1966,Dublin,Mass Market,37791.3,234,1,SYNTHETIC
C000802,Synthetic Customer 0802,2002,Munster,Mass Market,33136.74,172,0,SYNTHETIC
C000803,Synthetic Customer 0803,1967,Dublin,Affluent,22000,136,0,SYNTHETIC
C000804,Synthetic Customer 0804,1956,Leinster,Emerging Affluent,22000,171,0,SYNTHETIC
C000805,Synthetic Customer 0805,1990,Connacht,Emerging Affluent,60546.63,151,0,SYNTHETIC
C000806,Synthetic Customer 0806,1967,Connacht,Mass Market,31202.1,65,0,SYNTHETIC
C000807,Synthetic Customer 0807,2003,Munster,Mass Market,33114.86,66,0,SYNTHETIC
C000808,Synthetic Customer 0808,1969,Leinster,Mass Market,62066.4,236,0,SYNTHETIC
C000809,Synthetic Customer 0809,1962,Munster,Mass Market,22975.66,165,0,SYNTHETIC
C000810,Synthetic Customer 0810,1967,Dublin,Emerging Affluent,54127.28,181,0,SYNTHETIC
C000811,Synthetic Customer 0811,1994,Leinster,Mass Market,22000,198,0,SYNTHETIC
C000812,Synthetic Customer 0812,2004,Ulster (ROI),Mass Market,39455.17,93,0,SYNTHETIC
C000813,Synthetic Customer 0813,1990,Connacht,Mass Market,52617.34,150,0,SYNTHETIC
C000814,Synthetic Customer 0814,1964,Leinster,Mass Market,24004.17,146,0,SYNTHETIC
C000815,Synthetic Customer 0815,1953,Connacht,Emerging Affluent,47274.81,172,0,SYNTHETIC
C000816,Synthetic Customer 0816,1967,Munster,Emerging Affluent,54060.87,51,0,SYNTHETIC
C000817,Synthetic Customer 0817,1998,Munster,Mass Market,43629.69,71,0,SYNTHETIC
C000818,Synthetic Customer 0818,1986,Ulster (ROI),Emerging Affluent,29090.58,9,0,SYNTHETIC
C000819,Synthetic Customer 0819,2001,Munster,Mass Market,42897.37,57,0,SYNTHETIC
C000820,Synthetic Customer 0820,1981,Dublin,Mass Market,46123.64,42,0,SYNTHETIC
C000821,Synthetic Customer 0821,1981,Munster,Mass Market,42686.33,158,0,SYNTHETIC
C000822,Synthetic Customer 0822,1958,Ulster (ROI),Mass Market,98193.43,128,0,SYNTHETIC
C000823,Synthetic Customer 0823,1983,Dublin,Mass Market,79809.43,12,0,SYNTHETIC
C000824,Synthetic Customer 0824,1974,Leinster,Mass Market,46513.67,231,1,SYNTHETIC
C000825,Synthetic Customer 0825,1997,Leinster,Mass Market,28232.38,172,0,SYNTHETIC
C000826,Synthetic Customer 0826,1961,Leinster,Mass Market,27314.76,74,0,SYNTHETIC
C000827,Synthetic Customer 0827,1963,Connacht,Mass Market,28951.01,102,0,SYNTHETIC
C000828,Synthetic Customer 0828,1957,Munster,Mass Market,39348.32,85,0,SYNTHETIC
C000829,Synthetic Customer 0829,1991,Dublin,Mass Market,36022.52,43,0,SYNTHETIC
C000830,Synthetic Customer 0830,1968,Ulster (ROI),Mass Market,47208.15,174,0,SYNTHETIC
C000831,Synthetic Customer 0831,1956,Dublin,Mass Market,54918.45,46,0,SYNTHETIC
C000832,Synthetic Customer 0832,1954,Munster,Affluent,46537.13,116,0,SYNTHETIC
C000833,Synthetic Customer 0833,1971,Dublin,Mass Market,42331.82,44,0,SYNTHETIC
C000834,Synthetic Customer 0834,1988,Dublin,Affluent,22000,210,0,SYNTHETIC
C000835,Synthetic Customer 0835,1985,Connacht,Emerging Affluent,75210.9,163,0,SYNTHETIC
C000836,Synthetic Customer 0836,1949,Connacht,Mass Market,66337.36,71,1,SYNTHETIC
C000837,Synthetic Customer 0837,1975,Ulster (ROI),Emerging Affluent,22286.79,98,0,SYNTHETIC
C000838,Synthetic Customer 0838,1986,Dublin,Mass Market,60096.75,141,0,SYNTHETIC
C000839,Synthetic Customer 0839,1988,Leinster,Emerging Affluent,51359.91,200,0,SYNTHETIC
C000840,Synthetic Customer 0840,2003,Munster,Mass Market,22000,88,0,SYNTHETIC
C000841,Synthetic Customer 0841,1958,Ulster (ROI),Affluent,39130.51,79,0,SYNTHETIC
C000842,Synthetic Customer 0842,1974,Dublin,Emerging Affluent,39311.55,218,0,SYNTHETIC
C000843,Synthetic Customer 0843,1954,Connacht,Mass Market,63062.39,53,0,SYNTHETIC
C000844,Synthetic Customer 0844,1954,Munster,Emerging Affluent,29950.86,1,0,SYNTHETIC
C000845,Synthetic Customer 0845,1992,Dublin,Affluent,44399.09,16,0,SYNTHETIC
C000846,Synthetic Customer 0846,1986,Munster,Mass Market,48274.11,148,0,SYNTHETIC
C000847,Synthetic Customer 0847,1968,Connacht,Emerging Affluent,80925.5,13,0,SYNTHETIC
C000848,Synthetic Customer 0848,1959,Leinster,Affluent,71930.33,167,0,SYNTHETIC
C000849,Synthetic Customer 0849,1958,Dublin,Mass Market,22000,42,1,SYNTHETIC
C000850,Synthetic Customer 0850,1972,Munster,Emerging Affluent,31137.27,161,1,SYNTHETIC
C000851,Synthetic Customer 0851,1976,Leinster,Emerging Affluent,44467.73,224,1,SYNTHETIC
C000852,Synthetic Customer 0852,1962,Connacht,Mass Market,22000,128,0,SYNTHETIC
C000853,Synthetic Customer 0853,1976,Connacht,Emerging Affluent,24701.02,82,0,SYNTHETIC
C000854,Synthetic Customer 0854,1984,Munster,Affluent,46993.51,111,1,SYNTHETIC
C000855,Synthetic Customer 0855,1976,Ulster (ROI),Mass Market,40262.79,193,0,SYNTHETIC
C000856,Synthetic Customer 0856,1954,Munster,Mass Market,55220.06,170,0,SYNTHETIC
C000857,Synthetic Customer 0857,1959,Munster,Mass Market,33719.46,89,0,SYNTHETIC
C000858,Synthetic Customer 0858,1969,Dublin,Emerging Affluent,37792.5,211,0,SYNTHETIC
C000859,Synthetic Customer 0859,1965,Munster,Mass Market,22000,236,0,SYNTHETIC
C000860,Synthetic Customer 0860,2003,Dublin,Mass Market,52992.66,84,0,SYNTHETIC
C000861,Synthetic Customer 0861,1989,Munster,Mass Market,124811.83,49,0,SYNTHETIC
C000862,Synthetic Customer 0862,1971,Dublin,Mass Market,39609.78,105,0,SYNTHETIC
C000863,Synthetic Customer 0863,1958,Dublin,Affluent,30079.56,135,0,SYNTHETIC
C000864,Synthetic Customer 0864,1951,Connacht,Mass Market,48940.14,99,0,SYNTHETIC
C000865,Synthetic Customer 0865,1958,Ulster (ROI),Mass Market,32059.04,179,1,SYNTHETIC
C000866,Synthetic Customer 0866,1979,Dublin,Mass Market,34758.1,42,0,SYNTHETIC
C000867,Synthetic Customer 0867,1958,Dublin,Mass Market,68603.31,126,0,SYNTHETIC
C000868,Synthetic Customer 0868,1981,Dublin,Mass Market,49144.67,169,0,SYNTHETIC
C000869,Synthetic Customer 0869,1981,Leinster,Mass Market,51833.78,227,0,SYNTHETIC
C000870,Synthetic Customer 0870,1981,Dublin,Emerging Affluent,29787.94,46,0,SYNTHETIC
C000871,Synthetic Customer 0871,2002,Dublin,Mass Market,29787.6,125,1,SYNTHETIC
C000872,Synthetic Customer 0872,1977,Dublin,Mass Market,59127.21,54,0,SYNTHETIC
C000873,Synthetic Customer 0873,1961,Ulster (ROI),Mass Market,39082.07,205,0,SYNTHETIC
C000874,Synthetic Customer 0874,1959,Dublin,Mass Market,34841.24,15,0,SYNTHETIC
C000875,Synthetic Customer 0875,1952,Munster,Emerging Affluent,47824.2,94,0,SYNTHETIC
C000876,Synthetic Customer 0876,1987,Leinster,Emerging Affluent,45402.97,215,1,SYNTHETIC
C000877,Synthetic Customer 0877,1993,Connacht,Emerging Affluent,41997.19,236,1,SYNTHETIC
C000878,Synthetic Customer 0878,1970,Connacht,Affluent,42060.94,5,1,SYNTHETIC
C000879,Synthetic Customer 0879,1977,Munster,Mass Market,70957.73,157,0,SYNTHETIC
C000880,Synthetic Customer 0880,1975,Dublin,Mass Market,22000,228,0,SYNTHETIC
C000881,Synthetic Customer 0881,1987,Leinster,Mass Market,66859.22,176,0,SYNTHETIC
C000882,Synthetic Customer 0882,1956,Dublin,Mass Market,62278.8,196,0,SYNTHETIC
C000883,Synthetic Customer 0883,1960,Connacht,Emerging Affluent,62626.23,197,0,SYNTHETIC
C000884,Synthetic Customer 0884,1997,Leinster,Mass Market,38057.58,214,0,SYNTHETIC
C000885,Synthetic Customer 0885,1956,Ulster (ROI),Emerging Affluent,36809.45,231,0,SYNTHETIC
C000886,Synthetic Customer 0886,1979,Munster,Emerging Affluent,30524.4,189,0,SYNTHETIC
C000887,Synthetic Customer 0887,1953,Connacht,Emerging Affluent,32741.44,221,0,SYNTHETIC
C000888,Synthetic Customer 0888,1949,Leinster,Mass Market,107655.16,58,0,SYNTHETIC
C000889,Synthetic Customer 0889,1948,Dublin,Mass Market,29131.64,104,0,SYNTHETIC
C000890,Synthetic Customer 0890,1948,Dublin,Mass Market,26612.64,205,0,SYNTHETIC
C000891,Synthetic Customer 0891,1999,Leinster,Emerging Affluent,35542.96,161,0,SYNTHETIC
C000892,Synthetic Customer 0892,1953,Leinster,Mass Market,22000,230,0,SYNTHETIC
C000893,Synthetic Customer 0893,1985,Dublin,Affluent,65616.61,112,0,SYNTHETIC
C000894,Synthetic Customer 0894,1984,Dublin,Mass Market,22000,57,0,SYNTHETIC
C000895,Synthetic Customer 0895,1968,Dublin,Mass Market,22000,144,1,SYNTHETIC
C000896,Synthetic Customer 0896,1952,Dublin,Mass Market,34898.81,121,0,SYNTHETIC
C000897,Synthetic Customer 0897,1989,Munster,Mass Market,30967.8,87,1,SYNTHETIC
C000898,Synthetic Customer 0898,1994,Leinster,Mass Market,26005.6,111,0,SYNTHETIC
C000899,Synthetic Customer 0899,1960,Dublin,Mass Market,36588.28,31,0,SYNTHETIC
C000900,Synthetic Customer 0900,2003,Ulster (ROI),Emerging Affluent,49653.2,43,0,SYNTHETIC
C000901,Synthetic Customer 0901,1996,Connacht,Mass Market,29074.19,227,0,SYNTHETIC
C000902,Synthetic Customer 0902,1955,Ulster (ROI),Mass Market,53552.3,149,0,SYNTHETIC
C000903,Synthetic Customer 0903,1959,Dublin,Emerging Affluent,44244.72,148,1,SYNTHETIC
C000904,Synthetic Customer 0904,2005,Leinster,Mass Market,38940.43,111,0,SYNTHETIC
C000905,Synthetic Customer 0905,1973,Dublin,Mass Market,64560.17,109,0,SYNTHETIC
C000906,Synthetic Customer 0906,1971,Dublin,Affluent,49040.15,151,0,SYNTHETIC
C000907,Synthetic Customer 0907,1992,Dublin,Mass Market,28648.52,220,1,SYNTHETIC
C000908,Synthetic Customer 0908,2001,Ulster (ROI),Mass Market,36537.33,16,0,SYNTHETIC
C000909,Synthetic Customer 0909,1972,Connacht,Mass Market,63124.83,194,0,SYNTHETIC
C000910,Synthetic Customer 0910,1951,Dublin,Mass Market,54820.95,210,1,SYNTHETIC
C000911,Synthetic Customer 0911,1998,Dublin,Emerging Affluent,23906.76,37,1,SYNTHETIC
C000912,Synthetic Customer 0912,1958,Dublin,Mass Market,36318.04,55,0,SYNTHETIC
C000913,Synthetic Customer 0913,1977,Dublin,Mass Market,28993.47,117,0,SYNTHETIC
C000914,Synthetic Customer 0914,1967,Ulster (ROI),Mass Market,33434.9,181,0,SYNTHETIC
C000915,Synthetic Customer 0915,1999,Leinster,Mass Market,102709.66,55,0,SYNTHETIC
C000916,Synthetic Customer 0916,1982,Munster,Emerging Affluent,39963.09,119,1,SYNTHETIC
C000917,Synthetic Customer 0917,1980,Connacht,Emerging Affluent,23631.87,91,0,SYNTHETIC
C000918,Synthetic Customer 0918,1992,Munster,Emerging Affluent,37899.95,75,0,SYNTHETIC
C000919,Synthetic Customer 0919,1956,Ulster (ROI),Mass Market,23430.78,212,0,SYNTHETIC
C000920,Synthetic Customer 0920,1981,Dublin,Mass Market,44977.39,87,0,SYNTHETIC
C000921,Synthetic Customer 0921,1967,Connacht,Mass Market,40132.95,31,0,SYNTHETIC
C000922,Synthetic Customer 0922,1958,Munster,Mass Market,39216.04,76,0,SYNTHETIC
C000923,Synthetic Customer 0923,2002,Connacht,Emerging Affluent,22289.35,189,0,SYNTHETIC
C000924,Synthetic Customer 0924,1965,Connacht,Emerging Affluent,30909.7,240,0,SYNTHETIC
C000925,Synthetic Customer 0925,1948,Connacht,Mass Market,30257.24,102,0,SYNTHETIC
C000926,Synthetic Customer 0926,1951,Munster,Mass Market,36361.74,136,0,SYNTHETIC
C000927,Synthetic Customer 0927,2002,Munster,Mass Market,69746.7,182,0,SYNTHETIC
C000928,Synthetic Customer 0928,1978,Leinster,Mass Market,49767.41,34,0,SYNTHETIC
C000929,Synthetic Customer 0929,1997,Leinster,Emerging Affluent,30580.85,222,0,SYNTHETIC
C000930,Synthetic Customer 0930,1952,Leinster,Mass Market,24165.28,105,1,SYNTHETIC
C000931,Synthetic Customer 0931,1991,Dublin,Mass Market,59878.27,19,0,SYNTHETIC
C000932,Synthetic Customer 0932,1974,Munster,Emerging Affluent,41452.3,5,0,SYNTHETIC
C000933,Synthetic Customer 0933,1989,Leinster,Mass Market,31063.19,74,0,SYNTHETIC
C000934,Synthetic Customer 0934,1989,Dublin,Emerging Affluent,22000,141,0,SYNTHETIC
C000935,Synthetic Customer 0935,2001,Munster,Emerging Affluent,71359.4,162,0,SYNTHETIC
C000936,Synthetic Customer 0936,1968,Leinster,Mass Market,29835.26,68,0,SYNTHETIC
C000937,Synthetic Customer 0937,1979,Munster,Mass Market,36645.28,53,0,SYNTHETIC
C000938,Synthetic Customer 0938,1973,Connacht,Emerging Affluent,33052.62,227,0,SYNTHETIC
C000939,Synthetic Customer 0939,1955,Ulster (ROI),Emerging Affluent,40357.85,212,1,SYNTHETIC
C000940,Synthetic Customer 0940,1976,Munster,Mass Market,49180.82,111,0,SYNTHETIC
C000941,Synthetic Customer 0941,1992,Munster,Mass Market,37400.05,169,1,SYNTHETIC
C000942,Synthetic Customer 0942,1959,Munster,Mass Market,27898.17,174,0,SYNTHETIC
C000943,Synthetic Customer 0943,1967,Dublin,Emerging Affluent,44448.63,176,0,SYNTHETIC
C000944,Synthetic Customer 0944,1988,Dublin,Mass Market,63085.48,97,0,SYNTHETIC
C000945,Synthetic Customer 0945,1952,Dublin,Mass Market,38049.08,143,0,SYNTHETIC
C000946,Synthetic Customer 0946,1968,Munster,Emerging Affluent,40781.32,158,0,SYNTHETIC
C000947,Synthetic Customer 0947,1960,Munster,Mass Market,61268.35,126,1,SYNTHETIC
C000948,Synthetic Customer 0948,1989,Leinster,Affluent,22000,65,0,SYNTHETIC
C000949,Synthetic Customer 0949,2002,Dublin,Mass Market,51410.98,64,0,SYNTHETIC
C000950,Synthetic Customer 0950,2003,Leinster,Mass Market,41603.88,177,0,SYNTHETIC
C000951,Synthetic Customer 0951,1980,Ulster (ROI),Mass Market,31608.26,128,0,SYNTHETIC
C000952,Synthetic Customer 0952,1953,Dublin,Affluent,55341.69,102,0,SYNTHETIC
C000953,Synthetic Customer 0953,1959,Connacht,Mass Market,35511.18,164,0,SYNTHETIC
C000954,Synthetic Customer 0954,1988,Dublin,Mass Market,30457.27,200,0,SYNTHETIC
C000955,Synthetic Customer 0955,1969,Munster,Affluent,25860.12,30,0,SYNTHETIC
C000956,Synthetic Customer 0956,1987,Leinster,Mass Market,23608.64,173,0,SYNTHETIC
C000957,Synthetic Customer 0957,1989,Dublin,Mass Market,81001.63,93,0,SYNTHETIC
C000958,Synthetic Customer 0958,1972,Leinster,Mass Market,43631.91,135,1,SYNTHETIC
C000959,Synthetic Customer 0959,1960,Dublin,Mass Market,22000,169,0,SYNTHETIC
C000960,Synthetic Customer 0960,1995,Leinster,Mass Market,24327.41,166,0,SYNTHETIC
C000961,Synthetic Customer 0961,1971,Dublin,Mass Market,69367.74,174,0,SYNTHETIC
C000962,Synthetic Customer 0962,1967,Connacht,Mass Market,31847.26,216,0,SYNTHETIC
C000963,Synthetic Customer 0963,1976,Dublin,Mass Market,22000,186,0,SYNTHETIC
C000964,Synthetic Customer 0964,1967,Leinster,Mass Market,59803.93,199,0,SYNTHETIC
C000965,Synthetic Customer 0965,1997,Leinster,Mass Market,77454.17,177,0,SYNTHETIC
C000966,Synthetic Customer 0966,1955,Dublin,Emerging Affluent,24111.86,190,0,SYNTHETIC
C000967,Synthetic Customer 0967,1970,Leinster,Mass Market,24256.95,74,0,SYNTHETIC
C000968,Synthetic Customer 0968,1975,Ulster (ROI),Emerging Affluent,28151.24,125,1,SYNTHETIC
C000969,Synthetic Customer 0969,1983,Dublin,Emerging Affluent,25998.42,45,0,SYNTHETIC
C000970,Synthetic Customer 0970,2003,Munster,Mass Market,44982.81,208,0,SYNTHETIC
C000971,Synthetic Customer 0971,1989,Leinster,Emerging Affluent,27382.8,128,0,SYNTHETIC
C000972,Synthetic Customer 0972,1956,Dublin,Mass Market,119999.42,133,0,SYNTHETIC
C000973,Synthetic Customer 0973,1984,Dublin,Mass Market,24010.68,62,0,SYNTHETIC
C000974,Synthetic Customer 0974,1986,Ulster (ROI),Mass Market,26255.69,89,0,SYNTHETIC
C000975,Synthetic Customer 0975,1979,Dublin,Emerging Affluent,38376.24,79,0,SYNTHETIC
C000976,Synthetic Customer 0976,1953,Munster,Mass Market,128705.02,56,0,SYNTHETIC
C000977,Synthetic Customer 0977,1976,Dublin,Emerging Affluent,52057.95,118,0,SYNTHETIC
C000978,Synthetic Customer 0978,1968,Connacht,Mass Market,36125.01,206,0,SYNTHETIC
C000979,Synthetic Customer 0979,1964,Leinster,Mass Market,49286.19,10,0,SYNTHETIC
C000980,Synthetic Customer 0980,1986,Leinster,Emerging Affluent,32719.09,191,0,SYNTHETIC
C000981,Synthetic Customer 0981,1972,Dublin,Emerging Affluent,43743.2,112,0,SYNTHETIC
C000982,Synthetic Customer 0982,1987,Munster,Emerging Affluent,96906.7,71,0,SYNTHETIC
C000983,Synthetic Customer 0983,1986,Connacht,Mass Market,48425.21,94,1,SYNTHETIC
C000984,Synthetic Customer 0984,1960,Munster,Mass Market,52832.28,156,1,SYNTHETIC
C000985,Synthetic Customer 0985,1952,Leinster,Mass Market,30710.0,84,0,SYNTHETIC
C000986,Synthetic Customer 0986,2000,Munster,Mass Market,58316.03,199,0,SYNTHETIC
C000987,Synthetic Customer 0987,1955,Dublin,Mass Market,49804.65,176,0,SYNTHETIC
C000988,Synthetic Customer 0988,1994,Munster,Mass Market,73985.12,180,0,SYNTHETIC
C000989,Synthetic Customer 0989,1985,Leinster,Mass Market,34516.24,95,0,SYNTHETIC
C000990,Synthetic Customer 0990,1956,Leinster,Mass Market,22000,130,0,SYNTHETIC
C000991,Synthetic Customer 0991,1962,Dublin,Mass Market,53329.4,166,0,SYNTHETIC
C000992,Synthetic Customer 0992,1966,Munster,Mass Market,40757.42,210,0,SYNTHETIC
C000993,Synthetic Customer 0993,2005,Dublin,Affluent,22215.45,160,0,SYNTHETIC
C000994,Synthetic Customer 0994,1949,Connacht,Emerging Affluent,22000,80,0,SYNTHETIC
C000995,Synthetic Customer 0995,2001,Dublin,Mass Market,26013.5,133,0,SYNTHETIC
C000996,Synthetic Customer 0996,1996,Connacht,Mass Market,25845.74,114,0,SYNTHETIC
C000997,Synthetic Customer 0997,1952,Munster,Mass Market,30858.6,97,0,SYNTHETIC
C000998,Synthetic Customer 0998,1962,Leinster,Mass Market,34851.56,65,1,SYNTHETIC
C000999,Synthetic Customer 0999,1982,Munster,Mass Market,50460.85,131,0,SYNTHETIC
C001000,Synthetic Customer 1000,1995,Dublin,Mass Market,48110.14,31,0,SYNTHETIC
,Synthetic Customer 0056,1976,Connacht,Mass Market,25444.14,131,0,SYNTHETIC
