loan_id,customer_id,product_type,original_principal,outstanding_balance,interest_rate,monthly_payment,days_past_due,missed_payments_12m,credit_limit,utilisation_ratio
L000001,C000001,Credit Card,11244.6,3683.55,0.0688,61.39,45,1,17223.47,0.2139
L000002,C000002,Credit Card,15797.13,6783.52,0.1152,173.94,45,1,37810.33,0.1794
L000003,C000003,Credit Card,38209.2,21976.76,0.1593,1046.51,0,0,157489.27,0.1395
L000004,C000004,Credit Card,40240.67,18126.87,0.1013,453.17,0,0,37526.23,0.483
L000005,C000005,Credit Card,16567.0,12916.51,0.0782,218.92,0,0,47644.37,0.2711
L000006,C000006,Credit Card,9535.99,3571.86,0.1311,49.61,0,0,9729.13,0.3671
L000007,C000007,Personal Loan,40696.51,38591.65,0.1715,1754.17,0,0,53623.82,0.7197
L000008,C000008,Credit Card,33464.78,13819.61,0.127,255.92,15,1,27343.56,0.5054
L000009,C000009,Auto Finance,13600.55,11227.96,0.0565,415.85,0,0,19540.78,0.5746
L000010,C000010,Personal Loan,34403.52,17681.99,0.0831,609.72,0,0,38330.31,0.4613
L000011,C000011,Auto Finance,31086.96,28458.02,0.1447,632.4,0,0,39858.31,0.714
L000012,C000012,Auto Finance,13727.92,7125.8,0.1015,116.82,0,0,32370.92,0.2201
L000013,C000013,Auto Finance,38689.74,17696.59,0.074,589.89,0,0,41286.87,0.4286
L000014,C000014,Auto Finance,40813.45,18041.67,0.0844,668.21,180,3,41457.28,0.4352
L000015,C000015,Personal Loan,25629.38,5551.99,0.1548,135.41,0,0,14908.33,0.3724
L000016,C000016,Personal Loan,36235.28,32231.4,0.0526,1239.67,0,0,56101.61,0.5745
L000017,C000017,Auto Finance,23283.98,16951.88,0.1613,847.59,45,1,34203.25,0.4956
L000018,C000018,Personal Loan,19656.44,9995.34,0.1047,384.44,0,0,16207.35,0.6167
L000019,C000019,Auto Finance,13296.57,11596.34,0.0647,282.84,0,0,26484.38,0.4379
L000020,C000020,Auto Finance,16735.96,13854.29,0.1004,364.59,0,0,80823.95,0.1714
L000021,C000021,Personal Loan,43823.17,7528.96,0.1169,153.65,0,0,12048.58,0.6249
L000022,C000022,Credit Card,8163.31,4241.09,0.1757,106.03,0,0,4283.93,0.99
L000023,C000023,Auto Finance,17122.82,14035.45,0.1211,334.18,30,2,19590.61,0.7164
L000024,C000024,Personal Loan,13775.99,4154.74,0.0782,60.21,0,0,4578.81,0.9074
L000025,C000025,Auto Finance,30674.37,26879.18,0.0642,471.56,0,0,116483.91,0.2308
L000026,C000026,Auto Finance,19053.91,11614.66,0.0653,241.97,0,1,47202.22,0.2461
L000027,C000027,Personal Loan,44486.18,37455.01,0.1489,1101.62,0,0,73975.99,0.5063
L000028,C000028,Credit Card,6298.49,4042.49,0.0673,212.76,15,1,12251.07,0.33
L000029,C000029,Personal Loan,44010.95,31902.56,0.048,1029.11,0,0,111832.49,0.2853
L000030,C000030,Credit Card,43620.4,32006.53,0.0469,484.95,0,0,41645.3,0.7686
L000031,C000031,Credit Card,13321.61,4155.4,0.0953,88.41,45,1,14044.69,0.2959
L000032,C000032,Credit Card,10930.85,7737.32,0.0709,119.04,0,0,19719.01,0.3924
L000033,C000033,Personal Loan,35071.18,29638.56,0.1584,581.15,0,0,99835.28,0.2969
L000034,C000034,Auto Finance,29122.93,24106.4,0.1595,415.63,0,0,57855.65,0.4167
L000035,C000035,Auto Finance,9739.72,6854.95,0.0634,105.46,45,1,13333.16,0.5141
L000036,C000036,Credit Card,10529.88,6033.28,0.0866,167.59,0,0,77607.57,0.0777
L000037,C000037,Auto Finance,14385.47,12583.86,0.1333,224.71,0,0,26596.75,0.4731
L000038,C000038,Personal Loan,11439.45,6584.26,0.1608,160.59,0,0,18382.15,0.3582
L000039,C000039,Auto Finance,34786.78,27942.9,0.1384,473.61,120,2,61783.53,0.4523
L000040,C000040,Credit Card,17620.73,5338.92,0.0705,281.0,0,0,15740.49,0.3392
L000041,C000041,Personal Loan,15404.29,6923.07,0.0728,109.89,0,0,12247.66,0.5653
L000042,C000042,Auto Finance,29836.52,6996.53,0.1718,249.88,0,0,12624.98,0.5542
L000043,C000043,Personal Loan,31060.66,8399.87,0.0982,254.54,0,0,17330.39,0.4847
L000044,C000044,Auto Finance,11293.9,10652.01,0.0732,174.62,0,1,19450.16,0.5477
L000045,C000045,Auto Finance,10973.78,3113.25,0.0823,66.24,0,0,13018.32,0.2391
L000046,C000046,Personal Loan,31058.86,28411.38,0.1715,1052.27,0,0,167805.18,0.1693
L000047,C000047,Credit Card,35236.78,14953.29,0.0625,241.18,0,0,53891.98,0.2775
L000048,C000048,Personal Loan,4306.6,893.26,0.1033,12.95,0,0,3730.65,0.2394
L000049,C000049,Personal Loan,7270.07,1974.22,0.1075,33.46,30,1,3020.09,0.6537
L000050,C000050,Credit Card,27678.43,19831.97,0.1509,287.42,0,0,96868.13,0.2047
L000051,C000051,Personal Loan,29815.67,11021.66,0.1463,306.16,0,0,51605.57,0.2136
L000052,C000052,Personal Loan,8555.39,2237.7,0.0757,36.68,0,0,11046.79,0.2026
L000053,C000053,Personal Loan,30546.16,21926.83,0.1172,644.91,0,0,65847.1,0.333
L000054,C000054,Credit Card,37416.98,19631.84,0.1123,316.64,0,0,61887.56,0.3172
L000055,C000055,Auto Finance,6363.96,1471.97,0.1023,34.23,0,0,9009.43,0.1634
L000056,C000056,Credit Card,25084.86,11335.21,0.1323,263.61,0,0,43673.39,0.2595
L000057,C000057,Auto Finance,19916.46,4406.39,0.0862,67.79,0,0,7787.78,0.5658
L000058,C000058,Personal Loan,28389.58,24617.03,0.0831,431.88,15,1,29734.56,0.8279
L000059,C000059,Auto Finance,9747.03,7339.77,0.1317,203.88,0,0,10249.83,0.7161
L000060,C000060,Credit Card,5477.8,2714.87,0.0907,87.58,0,0,7208.99,0.3766
L000061,C000061,Personal Loan,15103.64,5727.55,0.0778,127.28,0,0,21424.71,0.2673
L000062,C000062,Auto Finance,25741.2,20023.82,0.0634,308.06,0,0,48000.33,0.4172
L000063,C000063,Auto Finance,31767.05,10602.69,0.0927,589.04,0,0,23180.27,0.4574
L000064,C000064,Personal Loan,34555.69,11293.81,0.1556,282.35,0,0,53590.41,0.2107
L000065,C000065,Personal Loan,44934.17,20992.95,0.1225,419.86,60,2,108388.42,0.1937
L000066,C000066,Personal Loan,43305.6,8475.53,0.1132,136.7,0,3,18898.23,0.4485
L000067,C000067,Personal Loan,24250.47,12593.78,0.1744,292.88,0,0,110050.84,0.1144
L000068,C000068,Credit Card,33171.74,8270.12,0.1243,129.22,90,2,56729.28,0.1458
L000069,C000069,Personal Loan,44975.79,41432.43,0.0673,863.18,0,0,77126.76,0.5372
L000070,C000070,Credit Card,29914.78,26565.17,0.1453,390.66,0,0,33226.92,0.7995
L000071,C000071,Credit Card,34795.68,12141.21,0.1226,505.88,0,0,18903.6,0.6423
L000072,C000072,Auto Finance,19697.59,8536.63,0.1067,164.17,60,1,10842.97,0.7873
L000073,C000073,Personal Loan,10677.79,1800.18,0.0795,26.09,0,0,2794.08,0.6443
L000074,C000074,Auto Finance,21164.74,10779.74,0.0832,359.32,0,0,55218.39,0.1952
L000075,C000075,Credit Card,30826.47,27946.54,0.0474,517.53,60,1,53107.64,0.5262
L000076,C000076,Credit Card,25296.65,14321.87,0.0493,376.89,90,3,14466.54,0.99
L000077,C000077,Personal Loan,33832.01,15523.69,0.1409,419.56,30,1,133134.31,0.1166
L000078,C000078,Auto Finance,33165.81,9710.75,0.1773,262.45,0,0,24141.09,0.4022
L000079,C000079,Personal Loan,4322.0,1508.3,0.0499,47.13,0,0,2224.32,0.6781
L000080,C000080,Credit Card,35446.43,25982.25,0.0664,499.66,0,1,74232.04,0.35
L000081,C000081,Personal Loan,41608.94,28942.93,0.1386,904.47,0,0,77323.19,0.3743
L000082,C000082,Credit Card,30444.21,10017.32,0.0671,182.13,0,0,26842.02,0.3732
L000083,C000083,Personal Loan,42748.86,17842.76,0.1451,258.59,0,0,33251.53,0.5366
L000084,C000084,Credit Card,12134.35,7351.92,0.0578,198.7,45,1,15081.01,0.4875
L000085,C000085,Credit Card,7470.87,2148.73,0.128,37.05,0,0,3637.11,0.5908
L000086,C000086,Credit Card,13497.2,11404.72,0.056,518.4,60,1,32566.62,0.3502
L000087,C000087,Auto Finance,39241.32,17071.65,0.1393,299.5,0,0,54481.66,0.3133
L000088,C000088,Auto Finance,17979.76,16165.84,0.0812,288.68,0,0,34128.57,0.4737
L000089,C000089,Personal Loan,38795.86,9305.66,0.0931,465.28,0,0,19183.04,0.4851
L000090,C000090,Credit Card,16566.09,13019.02,0.1269,250.37,120,2,125818.76,0.1035
L000091,C000091,Auto Finance,26236.7,7730.35,0.1533,429.46,0,0,12731.32,0.6072
L000092,C000092,Personal Loan,44308.08,23418.63,0.1546,371.72,0,0,52794.76,0.4436
L000093,C000093,Credit Card,32879.37,6170.06,0.0505,268.26,15,1,24682.38,0.25
L000094,C000094,Credit Card,8786.2,4224.25,0.1004,84.48,0,0,11552.05,0.3657
L000095,C000095,Personal Loan,6371.53,2344.58,0.1502,80.85,0,0,7458.18,0.3144
L000096,C000096,Credit Card,34767.53,11894.91,0.1472,457.5,0,0,14498.41,0.8204
L000097,C000097,Personal Loan,41966.82,18285.51,0.081,351.64,0,1,98629.85,0.1854
L000098,C000098,Personal Loan,6757.35,2375.39,0.0607,55.24,15,1,16526.77,0.1437
L000099,C000099,Credit Card,7908.93,3339.77,0.0708,61.85,0,0,39282.22,0.085
L000100,C000100,Credit Card,4675.57,1552.98,0.1436,27.73,90,2,2080.2,0.7466
L000101,C000101,Credit Card,32642.63,16359.23,0.1643,779.01,0,0,42182.87,0.3878
L000102,C000102,Auto Finance,42958.91,38181.29,0.055,545.45,0,0,64003.05,0.5966
L000103,C000103,Credit Card,12960.42,11788.99,0.156,214.35,0,0,78428.83,0.1503
L000104,C000104,Personal Loan,11252.01,10433.99,0.0549,151.22,0,0,67247.56,0.1552
L000105,C000105,Auto Finance,25453.94,19023.99,0.0629,452.95,0,0,41418.64,0.4593
L000106,C000106,Personal Loan,30182.57,12406.31,0.0708,234.08,120,2,22355.79,0.5549
L000107,C000107,Credit Card,34294.49,25248.07,0.1338,1328.85,30,2,68558.21,0.3683
L000108,C000108,Auto Finance,25658.34,7158.99,0.1651,103.75,90,2,16059.66,0.4458
L000109,C000109,Auto Finance,28529.09,5327.76,0.0758,111.0,0,0,14143.35,0.3767
L000110,C000110,Auto Finance,41406.31,23274.59,0.1163,705.29,0,0,91731.36,0.2537
L000111,C000111,Credit Card,25087.93,20871.19,0.0573,342.15,30,1,137336.95,0.152
L000112,C000112,Personal Loan,36877.85,10586.96,0.116,230.15,0,0,16150.97,0.6555
L000113,C000113,Auto Finance,23340.65,16180.47,0.115,278.97,0,0,33490.49,0.4831
L000114,C000114,Personal Loan,14911.05,12197.41,0.13,435.62,0,0,22820.05,0.5345
L000115,C000115,Credit Card,38608.53,13444.31,0.0478,253.67,45,1,20543.5,0.6544
L000116,C000116,Auto Finance,6131.4,2182.93,0.1302,33.07,0,0,14701.98,0.1485
L000117,C000117,Credit Card,12530.57,3298.52,0.0788,55.91,0,0,13877.04,0.2377
L000118,C000118,Credit Card,16161.8,6486.51,0.162,166.32,0,0,11443.75,0.5668
L000119,C000119,Personal Loan,38469.8,17474.15,0.1286,759.75,0,0,30990.3,0.5639
L000120,C000120,Auto Finance,3105.47,2393.14,0.0867,46.02,0,0,15308.06,0.1563
L000121,C000121,Auto Finance,11590.32,3547.94,0.0661,75.49,0,0,5125.48,0.6922
L000122,C000122,Personal Loan,37141.15,9943.98,0.0928,157.84,0,2,30452.68,0.3265
L000123,C000123,Auto Finance,5369.86,1480.98,0.139,82.28,15,1,3170.51,0.4671
L000124,C000124,Auto Finance,7581.35,3069.84,0.1445,90.29,0,0,19140.91,0.1604
L000125,C000125,Auto Finance,44997.43,35775.3,0.0845,496.88,0,0,81934.15,0.4366
L000126,C000126,Personal Loan,39513.92,18632.65,0.1122,315.81,45,1,105049.39,0.1774
L000127,C000127,Auto Finance,22585.41,13190.7,0.0859,599.58,0,0,37604.87,0.3508
L000128,C000128,Credit Card,41193.65,30947.91,0.1143,573.11,0,0,82581.23,0.3748
L000129,C000129,Personal Loan,16701.35,10848.38,0.1106,319.07,0,0,31842.35,0.3407
L000130,C000130,Personal Loan,9265.13,2048.23,0.0695,89.05,90,3,3281.95,0.6241
L000131,C000131,Auto Finance,4305.56,4024.54,0.1773,69.39,180,3,19356.64,0.2079
L000132,C000132,Credit Card,41212.94,38493.36,0.0544,769.87,0,0,140007.26,0.2749
L000133,C000133,Credit Card,9449.17,2807.17,0.1528,51.98,0,0,4026.84,0.6971
L000134,C000134,Personal Loan,28085.15,5908.08,0.0689,281.34,0,0,33372.75,0.177
L000135,C000135,Auto Finance,21243.48,12491.08,0.1489,178.44,0,0,22609.45,0.5525
L000136,C000136,Personal Loan,20210.2,13831.77,0.0737,200.46,45,1,25580.08,0.5407
L000137,C000137,Credit Card,19881.62,6452.83,0.1358,131.69,45,1,23839.49,0.2707
L000138,C000138,Personal Loan,29019.44,22581.79,0.0558,537.66,0,0,94887.66,0.238
L000139,C000139,Auto Finance,33970.46,18945.74,0.0734,430.59,0,0,27835.35,0.6806
L000140,C000140,Auto Finance,6328.36,3018.61,0.1028,62.89,0,0,8037.88,0.3755
L000141,C000141,Personal Loan,24478.07,13934.72,0.0803,214.38,0,0,18735.28,0.7438
L000142,C000142,Auto Finance,38056.25,32518.1,0.0818,1204.37,0,0,113937.95,0.2854
L000143,C000143,Credit Card,14977.74,13756.76,0.0921,319.92,30,2,50528.47,0.2723
L000144,C000144,Auto Finance,3148.97,1444.59,0.1767,25.34,0,0,11641.87,0.1241
L000145,C000145,Credit Card,13626.34,6308.78,0.1511,112.66,0,0,23652.95,0.2667
L000146,C000146,Credit Card,28551.36,11091.27,0.1308,277.28,0,0,31195.63,0.3555
L000147,C000147,Personal Loan,5894.03,3095.86,0.1068,50.75,0,0,12750.61,0.2428
L000148,C000148,Personal Loan,36149.28,26849.49,0.1191,506.59,0,0,53228.08,0.5044
L000149,C000149,Credit Card,38159.2,18477.21,0.0921,499.38,60,1,51748.51,0.3571
L000150,C000150,Personal Loan,27492.99,21075.24,0.1781,478.98,0,0,30653.2,0.6875
L000151,C000151,Auto Finance,24717.37,20599.75,0.0893,762.95,0,0,92333.3,0.2231
L000152,C000152,Auto Finance,12784.75,8798.51,0.1,129.39,0,0,15885.82,0.5539
L000153,C000153,Personal Loan,25174.73,11214.47,0.1036,162.53,0,0,18109.05,0.6193
L000154,C000154,Personal Loan,30495.52,6105.4,0.0841,145.37,15,1,23648.21,0.2582
L000155,C000155,Personal Loan,12776.51,5579.87,0.1026,155.0,0,0,7002.68,0.7968
L000156,C000156,Credit Card,15164.96,12732.51,0.1499,187.24,0,0,24428.13,0.5212
L000157,C000157,Credit Card,40308.41,9690.43,0.1474,134.59,0,0,12949.42,0.7483
L000158,C000158,Auto Finance,39663.59,21078.54,0.1782,413.3,0,0,94505.94,0.223
L000159,C000159,Personal Loan,41823.62,7954.98,0.1473,132.58,45,1,51448.67,0.1546
L000160,C000160,Personal Loan,36681.47,32395.9,0.1586,568.35,0,0,145178.38,0.2231
L000161,C000161,Personal Loan,41008.48,16976.71,0.056,471.58,0,0,64644.62,0.2626
L000162,C000162,Personal Loan,38741.46,9726.19,0.055,135.09,0,0,21023.67,0.4626
L000163,C000163,Credit Card,25350.22,6007.34,0.1151,107.27,60,2,28887.69,0.208
L000164,C000164,Credit Card,32040.32,22427.68,0.1567,448.55,0,0,55570.27,0.4036
L000165,C000165,Credit Card,11071.19,8308.17,0.0868,138.47,15,1,36977.68,0.2247
L000166,C000166,Personal Loan,17141.5,11759.62,0.0594,221.88,0,0,18992.23,0.6192
L000167,C000167,Credit Card,21402.63,11460.86,0.1442,293.87,0,0,19073.4,0.6009
L000168,C000168,Personal Loan,12096.51,11023.86,0.1744,440.95,45,1,20706.25,0.5324
L000169,C000169,Auto Finance,17789.78,16876.74,0.1068,937.6,0,0,31931.94,0.5285
L000170,C000170,Personal Loan,31516.25,5867.69,0.086,225.68,45,1,10076.31,0.5823
L000171,C000171,Personal Loan,19136.27,17934.12,0.0845,332.11,0,1,34402.01,0.5213
L000172,C000172,Auto Finance,22444.88,11069.6,0.1371,245.99,15,1,90483.05,0.1223
L000173,C000173,Credit Card,8681.13,3866.37,0.103,78.91,0,0,9641.12,0.401
L000174,C000174,Auto Finance,19860.73,10470.34,0.0987,387.79,30,2,41730.54,0.2509
L000175,C000175,Credit Card,9011.04,2294.99,0.1157,37.62,15,1,4282.87,0.5359
L000176,C000176,Auto Finance,5700.01,5358.79,0.1389,206.11,0,0,8647.67,0.6197
L000177,C000177,Personal Loan,28499.6,9033.22,0.0765,125.46,0,3,14695.45,0.6147
L000178,C000178,Credit Card,7638.51,1683.56,0.1029,23.38,60,2,2997.31,0.5617
L000179,C000179,Credit Card,18811.52,13343.07,0.0709,226.15,0,0,26657.21,0.5005
L000180,C000180,Auto Finance,25380.42,7756.63,0.105,165.03,45,1,21445.97,0.3617
L000181,C000181,Credit Card,23762.14,19203.85,0.1654,738.61,0,0,124478.8,0.1543
L000182,C000182,Credit Card,33426.36,11454.54,0.1075,170.96,0,0,21950.2,0.5218
L000183,C000183,Personal Loan,36192.93,16179.78,0.138,449.44,0,0,22865.01,0.7076
L000184,C000184,Personal Loan,18189.25,11273.68,0.077,204.98,45,1,17281.49,0.6524
L000185,C000185,Credit Card,12732.33,12049.57,0.1201,256.37,30,1,25252.65,0.4772
L000186,C000186,Credit Card,9209.84,1398.31,0.1376,30.4,45,1,2509.27,0.5573
L000187,C000187,Personal Loan,40198.26,23720.25,0.0877,718.8,0,0,42929.09,0.5525
L000188,C000188,Personal Loan,30154.3,5281.76,0.1266,132.04,30,1,18679.64,0.2828
L000189,C000189,Credit Card,20306.09,9282.76,0.0923,160.05,0,0,36240.75,0.2561
L000190,C000190,Auto Finance,13095.96,5701.4,0.1776,87.71,0,0,49297.22,0.1157
L000191,C000191,Personal Loan,25223.74,13122.94,0.1132,656.15,0,0,87906.97,0.1493
L000192,C000192,Personal Loan,8930.22,5136.26,0.0865,104.82,0,0,8662.99,0.5929
L000193,C000193,Auto Finance,19781.97,18150.44,0.1514,302.51,15,1,53972.65,0.3363
L000194,C000194,Auto Finance,25125.03,6064.97,0.0928,288.81,120,2,12123.84,0.5003
L000195,C000195,Personal Loan,5543.58,3932.96,0.0588,58.7,0,0,7578.2,0.519
L000196,C000196,Credit Card,22334.97,6818.1,0.1621,219.94,0,0,14632.98,0.4659
L000197,C000197,Credit Card,12119.79,5274.32,0.0629,159.83,0,1,19082.37,0.2764
L000198,C000198,Auto Finance,30867.99,18304.9,0.082,469.36,0,0,23961.75,0.7639
L000199,C000199,Personal Loan,33052.8,18146.92,0.0556,386.1,0,0,49871.23,0.3639
L000200,C000200,Auto Finance,4307.91,2285.49,0.132,78.81,0,0,4557.08,0.5015
L000201,C000201,Auto Finance,11273.55,9218.22,0.1254,164.61,0,0,23746.7,0.3882
L000202,C000202,Auto Finance,13531.85,9661.79,0.1109,205.57,0,0,21135.09,0.4571
L000203,C000203,Auto Finance,40241.31,6080.64,0.1225,164.34,30,1,8821.94,0.6893
L000204,C000204,Personal Loan,4402.59,3433.7,0.0738,57.23,0,1,13260.69,0.2589
L000205,C000205,Credit Card,25052.43,5302.46,0.0471,93.03,0,0,13053.24,0.4062
L000206,C000206,Personal Loan,10113.5,2497.75,0.0915,41.63,0,0,19269.07,0.1296
L000207,C000207,Auto Finance,12580.67,6501.28,0.106,110.19,0,0,129349.23,0.0503
L000208,C000208,Auto Finance,37091.41,6143.8,0.1362,307.19,0,0,46938.28,0.1309
L000209,C000209,Credit Card,22033.09,13560.51,0.078,376.68,0,0,21677.59,0.6256
L000210,C000210,Auto Finance,39146.0,30394.96,0.0771,1125.74,30,1,85405.49,0.3559
L000211,C000211,Auto Finance,30171.75,22268.76,0.0566,445.38,45,1,61983.7,0.3593
L000212,C000212,Credit Card,38209.4,20184.36,0.1337,296.83,0,0,69360.67,0.291
L000213,C000213,Personal Loan,17983.75,10571.81,0.0545,587.32,0,0,26808.35,0.3943
L000214,C000214,Credit Card,37768.03,26627.59,0.1055,532.55,0,0,57347.56,0.4643
L000215,C000215,Personal Loan,25664.29,16122.98,0.0991,732.86,0,0,22994.53,0.7012
L000216,C000216,Credit Card,35060.91,6710.93,0.0662,258.11,0,0,14000.61,0.4793
L000217,C000217,Personal Loan,15442.27,13708.19,0.1545,298.0,0,0,60614.89,0.2262
L000218,C000218,Auto Finance,3938.3,3391.17,0.0668,169.56,0,0,7730.19,0.4387
L000219,C000219,Personal Loan,18320.34,3469.47,0.1409,57.82,0,0,12207.09,0.2842
L000220,C000220,Personal Loan,6933.46,1539.84,0.091,64.16,0,0,2145.54,0.7177
L000221,C000221,Personal Loan,36914.59,23326.76,0.0575,409.24,0,0,60107.54,0.3881
L000222,C000222,Credit Card,43414.19,37297.53,0.1518,1130.23,0,0,237208.83,0.1572
L000223,C000223,Credit Card,4858.87,4147.67,0.1285,133.8,0,0,7321.59,0.5665
L000224,C000224,Auto Finance,26821.75,8267.89,0.174,156.0,0,0,29301.01,0.2822
L000225,C000225,Credit Card,27262.98,23868.26,0.1072,530.41,0,1,173278.79,0.1377
L000226,C000226,Credit Card,28300.96,6031.53,0.1468,137.08,0,0,34757.49,0.1735
L000227,C000227,Credit Card,4933.09,1367.61,0.1499,19.54,60,1,2000,0.8633
L000228,C000228,Auto Finance,4955.94,4548.43,0.1334,72.2,0,0,4594.37,0.99
L000229,C000229,Credit Card,19136.67,8812.89,0.0768,284.29,30,1,16120.38,0.5467
L000230,C000230,Personal Loan,29783.06,16725.15,0.1592,418.13,0,0,28806.71,0.5806
L000231,C000231,Personal Loan,41244.78,21750.95,0.1383,350.82,0,0,85750.93,0.2537
L000232,C000232,Auto Finance,26590.39,4993.9,0.1473,81.87,15,1,27736.08,0.1801
L000233,C000233,Credit Card,43429.83,34076.86,0.0875,921.0,15,1,98907.69,0.3445
L000234,C000234,Personal Loan,34271.54,7820.68,0.1726,137.2,0,0,44704.69,0.1749
L000235,C000235,Personal Loan,40755.16,36435.01,0.0513,569.3,0,0,59586.23,0.6115
L000236,C000236,Auto Finance,34525.15,14273.57,0.0845,548.98,180,3,183656.45,0.0777
L000237,C000237,Personal Loan,11046.34,3406.21,0.0983,66.79,0,0,7610.9,0.4475
L000238,C000238,Personal Loan,27283.91,11759.09,0.0597,279.98,0,0,38656.44,0.3042
L000239,C000239,Credit Card,20282.39,9463.64,0.1302,450.65,45,1,35335.04,0.2678
L000240,C000240,Personal Loan,11048.43,10477.56,0.1023,243.66,0,0,15559.92,0.6734
L000241,C000241,Personal Loan,10487.31,7758.78,0.1094,141.07,0,0,40361.93,0.1922
L000242,C000242,Credit Card,36434.56,22863.49,0.0615,415.7,0,0,145206.27,0.1575
L000243,C000243,Auto Finance,13967.57,9767.31,0.0898,165.55,0,1,18652.54,0.5236
L000244,C000244,Personal Loan,8979.87,2550.36,0.1315,85.01,45,1,6821.63,0.3739
L000245,C000245,Personal Loan,28442.36,9279.71,0.1547,272.93,0,0,185594.2,0.03
L000246,C000246,Auto Finance,21616.44,14296.08,0.0562,210.24,0,0,108547.59,0.1317
L000247,C000247,Credit Card,23591.33,20466.61,0.0691,660.21,0,0,32054.65,0.6385
L000248,C000248,Personal Loan,34055.24,32169.18,0.0491,1072.31,0,0,350006.89,0.0919
L000249,C000249,Auto Finance,4105.8,3582.25,0.131,51.92,30,1,9193.09,0.3897
L000250,C000250,Auto Finance,39937.62,23384.1,0.0672,467.68,0,0,56671.81,0.4126
L000251,C000251,Personal Loan,8377.06,5643.13,0.1599,176.35,0,0,30078.81,0.1876
L000252,C000252,Auto Finance,24959.77,21771.82,0.1415,351.16,60,2,21991.74,0.99
L000253,C000253,Auto Finance,18115.46,13588.66,0.1473,199.83,0,0,24617.19,0.552
L000254,C000254,Auto Finance,40546.69,31393.8,0.1204,1255.75,0,0,575582.16,0.0545
L000255,C000255,Credit Card,17953.89,2974.13,0.1299,43.1,0,0,5743.66,0.5178
L000256,C000256,Credit Card,35645.35,32830.22,0.1628,505.08,0,0,58021.76,0.5658
L000257,C000257,Personal Loan,21731.2,11048.25,0.1622,424.93,0,0,21907.65,0.5043
L000258,C000258,Personal Loan,12319.3,7110.47,0.1213,101.58,0,0,23041.81,0.3086
L000259,C000259,Personal Loan,11587.59,5289.09,0.1766,264.45,0,0,15354.43,0.3445
L000260,C000260,Auto Finance,4938.1,4047.72,0.1061,62.27,30,1,7340.38,0.5514
L000261,C000261,Credit Card,15401.43,7924.02,0.1323,136.62,0,0,35393.74,0.2239
L000262,C000262,Credit Card,32510.89,14990.21,0.1074,262.99,0,0,32576.07,0.4602
L000263,C000263,Auto Finance,4859.62,951.5,0.1113,14.42,15,1,3839.78,0.2478
L000264,C000264,Personal Loan,20422.08,10514.2,0.1322,194.71,0,0,27940.95,0.3763
L000265,C000265,Personal Loan,31678.19,7141.73,0.092,216.42,0,0,8542.62,0.836
L000266,C000266,Credit Card,32320.0,20017.41,0.1255,298.77,45,3,29908.83,0.6693
L000267,C000267,Auto Finance,15384.63,3995.98,0.0714,90.82,0,0,4158.91,0.9608
L000268,C000268,Auto Finance,4574.55,2990.11,0.0746,61.02,0,0,7814.83,0.3826
L000269,C000269,Auto Finance,13085.8,12327.57,0.1154,280.17,0,0,45788.33,0.2692
L000270,C000270,Auto Finance,11660.0,3554.79,0.089,187.09,135,3,5581.89,0.6368
L000271,C000271,Credit Card,25420.36,7281.65,0.0795,125.55,0,0,46525.06,0.1565
L000272,C000272,Auto Finance,10683.19,7936.72,0.1429,214.51,0,0,29483.76,0.2692
L000273,C000273,Credit Card,19290.74,6898.6,0.1679,215.58,30,1,29364.67,0.2349
L000274,C000274,Auto Finance,18902.85,8987.24,0.0748,140.43,0,2,31753.82,0.283
L000275,C000275,Personal Loan,39987.88,25935.42,0.136,682.51,0,0,184234.28,0.1408
L000276,C000276,Personal Loan,24799.4,17071.94,0.1341,284.53,45,1,34677.44,0.4923
L000277,C000277,Auto Finance,33128.43,22036.23,0.0886,1159.8,0,0,26700.42,0.8253
L000278,C000278,Credit Card,15356.28,10755.43,0.0844,346.95,0,0,34958.69,0.3077
L000279,C000279,Auto Finance,27180.95,20219.12,0.1044,361.06,30,1,25447.12,0.7946
L000280,C000280,Personal Loan,31122.55,15452.18,0.1582,498.46,90,2,26036.21,0.5935
L000281,C000281,Personal Loan,17281.57,12326.28,0.1219,397.62,30,1,29166.16,0.4226
L000282,C000282,Credit Card,23986.51,16897.21,0.0601,563.24,0,0,43526.08,0.3882
L000283,C000283,Auto Finance,42860.2,12844.69,0.0926,291.92,0,0,30631.76,0.4193
L000284,C000284,Credit Card,23036.55,16571.35,0.1681,306.88,0,0,21755.82,0.7617
L000285,C000285,Auto Finance,36705.82,23132.13,0.1678,963.84,0,0,39166.7,0.5906
L000286,C000286,Auto Finance,24414.9,16083.11,0.112,229.76,0,0,65587.23,0.2452
L000287,C000287,Credit Card,19502.54,17504.17,0.0745,350.08,0,0,120186.59,0.1456
L000288,C000288,Credit Card,42320.47,24724.02,0.0881,374.61,0,0,45644.08,0.5417
L000289,C000289,Personal Loan,40520.2,37020.25,0.0933,1234.01,0,0,111549.78,0.3319
L000290,C000290,Credit Card,19418.97,6328.49,0.0706,129.15,30,2,7432.03,0.8515
L000291,C000291,Auto Finance,9527.75,3089.75,0.148,51.5,0,0,17678.58,0.1748
L000292,C000292,Credit Card,8196.88,5924.66,0.046,97.13,0,0,9817.17,0.6035
L000293,C000293,Personal Loan,41838.87,28887.6,0.0907,656.54,0,0,39057.71,0.7396
L000294,C000294,Auto Finance,20675.2,9821.06,0.1671,204.61,0,0,27469.78,0.3575
L000295,C000295,Credit Card,4158.66,3503.2,0.0735,79.62,0,1,7520.47,0.4658
L000296,C000296,Personal Loan,34270.45,29542.27,0.0628,895.22,0,0,64475.18,0.4582
L000297,C000297,Auto Finance,35908.61,15744.4,0.0548,231.54,0,0,25828.96,0.6096
L000298,C000298,Credit Card,14514.13,3345.52,0.0549,139.4,0,0,5136.66,0.6513
L000299,C000299,Personal Loan,21254.77,7267.03,0.1666,346.05,0,0,14422.24,0.5039
L000300,C000300,Personal Loan,22803.03,8972.74,0.0457,271.9,0,0,27772.39,0.3231
L000301,C000301,Auto Finance,41047.62,13851.24,0.0515,243.0,0,1,15120.39,0.9161
L000302,C000302,Auto Finance,22384.22,10850.25,0.1218,230.86,0,0,23981.46,0.4524
L000303,C000303,Auto Finance,18987.72,8273.36,0.174,165.47,0,0,37113.42,0.2229
L000304,C000304,Auto Finance,42005.31,22667.07,0.1084,323.82,0,0,55104.34,0.4113
L000305,C000305,Auto Finance,39067.35,25062.6,0.0621,410.86,0,1,158467.47,0.1582
L000306,C000306,Credit Card,25819.26,23798.83,0.1733,767.7,60,1,63395.28,0.3754
L000307,C000307,Auto Finance,36802.1,26818.12,0.1327,1340.91,0,0,211615.13,0.1267
L000308,C000308,Personal Loan,27391.04,24045.59,0.0761,586.48,0,0,89445.08,0.2688
L000309,C000309,Auto Finance,14148.44,3727.17,0.0772,109.62,0,0,8416.8,0.4428
L000310,C000310,Auto Finance,31105.43,14043.36,0.0503,585.14,0,0,18561.05,0.7566
L000311,C000311,Credit Card,22598.77,17229.36,0.1108,337.83,0,0,39901.25,0.4318
L000312,C000312,Auto Finance,6624.12,3098.09,0.0832,60.75,0,0,5346.14,0.5795
L000313,C000313,Credit Card,18135.56,12488.6,0.1236,249.77,0,0,15146.38,0.8245
L000314,C000314,Auto Finance,31840.71,14804.07,0.097,477.55,0,0,22230.76,0.6659
L000315,C000315,Auto Finance,15763.78,11653.88,0.0677,277.47,45,1,66534.57,0.1752
L000316,C000316,Auto Finance,44867.33,38304.58,0.1165,1235.63,0,0,94595.66,0.4049
L000317,C000317,Personal Loan,4270.94,2957.01,0.1459,105.61,0,0,3972.09,0.7444
L000318,C000318,Auto Finance,41829.96,8717.08,0.1331,264.15,0,0,153487.58,0.0568
L000319,C000319,Auto Finance,15222.29,7067.84,0.1246,150.38,0,0,14346.73,0.4926
L000320,C000320,Credit Card,6734.8,3081.28,0.0522,73.36,0,0,4204.98,0.7328
L000321,C000321,Credit Card,44346.81,22805.4,0.1592,393.2,0,0,62913.68,0.3625
L000322,C000322,Personal Loan,11724.78,6219.15,0.0476,103.65,15,1,9031.1,0.6886
L000323,C000323,Personal Loan,35759.37,7295.52,0.1733,145.91,0,0,16885.31,0.4321
L000324,C000324,Credit Card,35409.49,25477.36,0.0543,489.95,0,0,68536.34,0.3717
L000325,C000325,Auto Finance,22500.21,6132.22,0.1751,266.62,0,0,17886.2,0.3428
L000326,C000326,Personal Loan,29541.41,24059.25,0.0531,445.54,0,0,136654.04,0.1761
L000327,C000327,Auto Finance,28920.12,6201.96,0.1113,100.03,0,0,12787.78,0.485
L000328,C000328,Credit Card,44384.98,24478.99,0.1177,470.75,45,1,47196.35,0.5187
L000329,C000329,Auto Finance,34559.93,23106.28,0.1562,550.15,0,0,59361.16,0.3892
L000330,C000330,Auto Finance,39559.22,26014.43,0.0814,394.16,0,0,57645.93,0.4513
L000331,C000331,Personal Loan,6586.83,3285.14,0.0881,156.44,45,1,5976.35,0.5497
L000332,C000332,Credit Card,18319.62,13485.69,0.1179,518.68,45,1,19512.22,0.6911
L000333,C000333,Credit Card,9806.37,7305.03,0.1676,270.56,60,1,34514.97,0.2116
L000334,C000334,Auto Finance,5688.27,4353.35,0.0515,60.46,0,0,6859.46,0.6346
L000335,C000335,Auto Finance,20746.84,3371.73,0.154,53.52,0,0,5184.34,0.6504
L000336,C000336,Personal Loan,4315.74,3125.73,0.0517,62.51,0,0,8966.9,0.3486
L000337,C000337,Personal Loan,21867.29,15503.1,0.0673,484.47,0,0,106004.05,0.1463
L000338,C000338,Auto Finance,11986.3,3117.8,0.1347,74.23,15,1,4715.33,0.6612
L000339,C000339,Personal Loan,21010.02,3454.68,0.1266,93.37,0,0,10660.77,0.3241
L000340,C000340,Personal Loan,11885.75,9816.24,0.1484,213.4,15,1,59598.47,0.1647
L000341,C000341,Personal Loan,44911.29,8660.15,0.0512,123.72,30,2,53304.36,0.1625
L000342,C000342,Credit Card,12101.26,6938.5,0.1044,231.28,60,1,16297.73,0.4257
L000343,C000343,Personal Loan,14174.23,2402.28,0.0766,104.45,0,0,6611.87,0.3633
L000344,C000344,Personal Loan,35001.02,23345.65,0.0538,348.44,0,0,58212.01,0.401
L000345,C000345,Credit Card,23869.72,21066.79,0.1062,429.93,0,0,83049.22,0.2537
L000346,C000346,Credit Card,11756.08,7226.36,0.0947,109.49,0,0,22297.52,0.3241
L000347,C000347,Auto Finance,19150.25,16585.3,0.0664,921.41,0,0,78932.77,0.2101
L000348,C000348,Personal Loan,10439.96,7349.06,0.0586,114.83,0,0,13563.62,0.5418
L000349,C000349,Personal Loan,11778.14,10910.47,0.0609,158.12,0,0,18253.21,0.5977
L000350,C000350,Credit Card,7052.72,4900.99,0.1302,125.67,60,1,11620.23,0.4218
L000351,C000351,Credit Card,44819.78,28714.51,0.0832,441.76,60,1,54070.79,0.5311
L000352,C000352,Personal Loan,4468.43,1049.12,0.1633,27.61,0,0,2950.06,0.3556
L000353,C000353,Auto Finance,36274.52,33662.05,0.1386,601.11,0,0,65684.71,0.5125
L000354,C000354,Auto Finance,28742.77,10493.38,0.0977,299.81,0,0,18269.31,0.5744
L000355,C000355,Auto Finance,43563.19,39717.69,0.0857,601.78,0,0,117530.01,0.3379
L000356,C000356,Personal Loan,40033.65,19196.29,0.1475,492.21,0,0,64366.37,0.2982
L000357,C000357,Personal Loan,31309.4,8771.09,0.0886,151.23,0,0,54577.1,0.1607
L000358,C000358,Credit Card,32452.74,28598.63,0.1027,1588.81,0,0,91868.95,0.3113
L000359,C000359,Personal Loan,5661.72,4671.23,0.1595,222.44,0,0,10393.61,0.4494
L000360,C000360,Credit Card,9868.75,2798.22,0.1574,75.63,0,0,7000.36,0.3997
L000361,C000361,Auto Finance,16314.13,4753.65,0.1013,125.1,0,0,8250.1,0.5762
L000362,C000362,Auto Finance,23193.2,8392.63,0.1781,399.65,135,3,10596.83,0.792
L000363,C000363,Personal Loan,19492.71,5718.86,0.1164,248.65,45,1,13359.77,0.4281
L000364,C000364,Credit Card,21975.03,6827.73,0.0668,108.38,0,0,11853.48,0.576
L000365,C000365,Credit Card,10295.17,2987.18,0.0707,85.35,60,1,20516.16,0.1456
L000366,C000366,Credit Card,30810.7,13568.16,0.1441,251.26,0,0,42897.51,0.3163
L000367,C000367,Personal Loan,44896.93,14838.55,0.1452,494.62,30,2,74098.15,0.2003
L000368,C000368,Credit Card,16226.31,5821.27,0.0487,264.6,0,0,24705.16,0.2356
L000369,C000369,Auto Finance,37787.65,14573.17,0.095,238.9,0,0,34281.35,0.4251
L000370,C000370,Personal Loan,25419.79,24112.26,0.1244,927.39,0,0,74386.6,0.3241
L000371,C000371,Personal Loan,22051.13,10659.16,0.1361,242.25,0,1,32798.57,0.325
L000372,C000372,Personal Loan,35489.24,10829.06,0.1619,169.2,0,0,39528.98,0.274
L000373,C000373,Auto Finance,11567.24,7459.64,0.1484,414.42,0,0,14730.48,0.5064
L000374,C000374,Personal Loan,30651.96,5086.32,0.0496,211.93,0,0,9326.74,0.5453
L000375,C000375,Credit Card,30936.54,6726.76,0.061,149.48,0,0,14241.28,0.4723
L000376,C000376,Credit Card,21170.75,7198.82,0.1598,257.1,0,1,13975.28,0.5151
L000377,C000377,Personal Loan,25249.93,8318.79,0.0844,145.94,0,0,23090.92,0.3603
L000378,C000378,Credit Card,44169.27,30880.58,0.1454,1625.29,0,0,168535.09,0.1832
L000379,C000379,Auto Finance,22302.04,9708.54,0.155,313.18,0,0,36838.83,0.2635
L000380,C000380,Credit Card,35668.23,23778.61,0.0918,389.81,0,0,54904.71,0.4331
L000381,C000381,Personal Loan,25639.11,12780.7,0.1686,311.72,0,0,45498.55,0.2809
L000382,C000382,Personal Loan,13680.94,11132.47,0.1072,227.19,0,0,23158.47,0.4807
L000383,C000383,Auto Finance,15149.65,12623.4,0.1171,175.32,0,0,53817.97,0.2346
L000384,C000384,Personal Loan,25229.94,11519.56,0.159,280.96,45,1,42537.93,0.2708
L000385,C000385,Personal Loan,10883.3,2083.26,0.0751,39.31,0,0,4918.81,0.4235
L000386,C000386,Personal Loan,17247.95,11306.13,0.114,245.79,0,0,17001.7,0.665
L000387,C000387,Auto Finance,33848.64,14029.0,0.1283,203.32,0,0,32202.51,0.4356
L000388,C000388,Auto Finance,25990.72,12263.21,0.1457,383.23,45,1,28922.35,0.424
L000389,C000389,Credit Card,10510.44,5456.41,0.1282,136.41,0,0,20232.44,0.2697
L000390,C000390,Auto Finance,13149.96,6881.16,0.162,172.03,0,0,31244.67,0.2202
L000391,C000391,Personal Loan,32024.12,24800.13,0.1588,652.63,0,0,38948.87,0.6367
L000392,C000392,Auto Finance,40233.87,27075.63,0.1619,873.41,0,0,206099.31,0.1314
L000393,C000393,Auto Finance,37902.26,35689.06,0.1167,495.68,0,0,146406.85,0.2438
L000394,C000394,Personal Loan,8673.8,6471.83,0.1305,124.46,0,1,11753.61,0.5506
L000395,C000395,Credit Card,34976.93,12837.1,0.0816,611.29,45,1,27751.63,0.4626
L000396,C000396,Personal Loan,21526.28,20122.93,0.0856,591.85,0,0,152880.44,0.1316
L000397,C000397,Credit Card,34812.9,27691.58,0.1204,675.4,0,0,104203.78,0.2657
L000398,C000398,Personal Loan,38660.94,18520.71,0.0536,805.25,0,0,48464.69,0.3821
L000399,C000399,Personal Loan,18974.28,4415.45,0.0883,163.54,0,0,24273.76,0.1819
L000400,C000400,Credit Card,9694.16,5573.08,0.0721,242.31,0,0,9299.31,0.5993
L000401,C000401,Personal Loan,21207.7,4656.21,0.1407,76.33,0,0,26830.27,0.1735
L000402,C000402,Auto Finance,26762.93,25175.76,0.0609,614.04,0,0,87721.71,0.287
L000403,C000403,Credit Card,16148.3,13925.76,0.1366,198.94,45,1,55558.63,0.2506
L000404,C000404,Auto Finance,41129.72,9621.37,0.1143,213.81,0,0,27607.91,0.3485
L000405,C000405,Credit Card,5810.96,4421.99,0.1488,152.48,0,0,5382.41,0.8216
L000406,C000406,Credit Card,24415.92,17545.5,0.1511,877.27,0,0,29408.04,0.5966
L000407,C000407,Personal Loan,9191.11,3470.91,0.0498,102.09,0,0,13969.15,0.2485
L000408,C000408,Credit Card,42132.85,36953.99,0.1643,551.55,0,0,227883.58,0.1622
L000409,C000409,Personal Loan,14757.15,6590.34,0.1446,104.61,0,0,51651.54,0.1276
L000410,C000410,Personal Loan,6951.59,5571.4,0.0781,139.28,0,0,12079.87,0.4612
L000411,C000411,Credit Card,43768.72,37555.26,0.1665,536.5,0,0,275965.0,0.1361
L000412,C000412,Auto Finance,21904.38,5890.61,0.0559,256.11,0,0,18145.29,0.3246
L000413,C000413,Auto Finance,7156.34,3159.37,0.0717,43.88,30,2,4567.39,0.6917
L000414,C000414,Auto Finance,43237.4,13419.79,0.1731,209.68,0,0,40871.27,0.3283
L000415,C000415,Auto Finance,34190.76,11959.1,0.0679,291.69,0,0,26194.62,0.4565
L000416,C000416,Credit Card,25166.95,12409.1,0.0986,564.05,60,2,60696.79,0.2044
L000417,C000417,Personal Loan,23832.61,5981.11,0.0645,89.27,0,0,13152.47,0.4548
L000418,C000418,Personal Loan,6944.28,3338.59,0.1074,47.69,0,0,9214.93,0.3623
L000419,C000419,Personal Loan,43525.82,18858.19,0.0661,819.92,0,0,33816.59,0.5577
L000420,C000420,Auto Finance,44895.79,34098.39,0.1524,587.9,0,0,314177.43,0.1085
L000421,C000421,Personal Loan,24396.46,7306.87,0.1742,228.34,0,1,38268.83,0.1909
L000422,C000422,Personal Loan,22699.8,3607.38,0.1183,120.25,0,3,15336.97,0.2352
L000423,C000423,Personal Loan,19106.05,3370.0,0.05,48.84,0,0,9845.55,0.3423
L000424,C000424,Personal Loan,25167.43,8271.47,0.1118,275.72,0,0,40704.51,0.2032
L000425,C000425,Personal Loan,29546.94,19844.24,0.1472,336.34,0,0,95774.58,0.2072
L000426,C000426,Personal Loan,34395.5,19420.35,0.1493,285.59,0,0,42452.39,0.4575
L000427,C000427,Personal Loan,14105.34,2732.45,0.122,113.85,0,0,10196.78,0.268
L000428,C000428,Personal Loan,42449.47,24811.7,0.0981,1127.8,30,2,39966.05,0.6208
L000429,C000429,Credit Card,27769.2,8773.35,0.0681,365.56,0,0,11000.6,0.7975
L000430,C000430,Credit Card,34633.57,28108.4,0.1117,551.15,0,1,121272.15,0.2318
L000431,C000431,Credit Card,26001.26,21862.09,0.1634,341.6,0,0,30960.03,0.7061
L000432,C000432,Credit Card,41135.58,14493.95,0.161,322.09,0,1,54358.35,0.2666
L000433,C000433,Credit Card,28012.08,7342.96,0.0859,407.94,0,3,35555.63,0.2065
L000434,C000434,Personal Loan,33149.74,23004.99,0.1643,359.45,30,2,38116.98,0.6035
L000435,C000435,Credit Card,24264.8,17776.73,0.0785,395.04,0,0,136994.31,0.1298
L000436,C000436,Personal Loan,16793.9,8703.46,0.1012,189.21,0,0,11014.2,0.7902
L000437,C000437,Auto Finance,31964.0,11507.28,0.072,225.63,90,2,147831.41,0.0778
L000438,C000438,Credit Card,20095.45,16720.15,0.1415,557.34,0,0,19279.59,0.8672
L000439,C000439,Auto Finance,32982.99,25836.79,0.1766,369.1,60,1,79418.12,0.3253
L000440,C000440,Auto Finance,42958.56,9910.96,0.0545,198.22,120,2,44862.97,0.2209
L000441,C000441,Auto Finance,14906.63,4611.42,0.1498,102.48,0,0,10926.81,0.422
L000442,C000442,Auto Finance,20886.02,10115.86,0.1337,532.41,0,0,23558.63,0.4294
L000443,C000443,Credit Card,38886.61,19588.58,0.048,489.71,15,1,140349.07,0.1396
L000444,C000444,Credit Card,3758.73,1181.31,0.0847,18.17,45,1,4414.86,0.2676
L000445,C000445,Personal Loan,43666.79,21309.16,0.075,473.54,0,0,42838.57,0.4974
L000446,C000446,Credit Card,33512.93,10493.43,0.0829,338.5,0,0,14941.94,0.7023
L000447,C000447,Auto Finance,24982.77,22206.7,0.0985,364.04,0,0,53538.93,0.4148
L000448,C000448,Personal Loan,21881.8,6479.23,0.0828,161.98,0,0,12911.99,0.5018
L000449,C000449,Personal Loan,6892.61,5339.16,0.1576,108.96,0,0,12023.82,0.444
L000450,C000450,Credit Card,38431.71,7498.8,0.0721,267.81,0,0,20720.41,0.3619
L000451,C000451,Credit Card,30562.16,21363.24,0.0678,647.37,0,0,40033.33,0.5336
L000452,C000452,Personal Loan,34553.47,25851.61,0.049,445.72,0,0,76926.06,0.3361
L000453,C000453,Personal Loan,8959.61,5981.14,0.0703,161.65,0,0,7519.87,0.7954
L000454,C000454,Credit Card,6348.65,1211.63,0.0924,35.64,0,0,3666.31,0.3305
L000455,C000455,Credit Card,19564.46,18017.99,0.0776,346.5,0,0,73287.27,0.2459
L000456,C000456,Auto Finance,3487.67,1049.66,0.0602,26.91,60,1,7215.08,0.1455
L000457,C000457,Personal Loan,9377.26,5394.79,0.0888,107.9,0,0,14819.64,0.364
L000458,C000458,Credit Card,5641.85,3940.71,0.0852,145.95,60,1,11309.24,0.3485
L000459,C000459,Personal Loan,43767.21,35956.77,0.0472,749.1,0,0,67261.96,0.5346
L000460,C000460,Personal Loan,6187.05,4738.12,0.0795,124.69,0,0,42752.42,0.1108
L000461,C000461,Credit Card,21082.02,19164.11,0.1352,467.42,60,1,41175.73,0.4654
L000462,C000462,Personal Loan,4252.65,3308.71,0.1013,82.72,0,0,9457.47,0.3499
L000463,C000463,Credit Card,31973.95,27264.07,0.1082,1090.56,0,0,83246.02,0.3275
L000464,C000464,Credit Card,13727.22,9341.79,0.1105,322.13,0,0,16472.25,0.5671
L000465,C000465,Auto Finance,35781.5,33265.42,0.1326,1330.62,60,1,73518.33,0.4525
L000466,C000466,Personal Loan,39912.83,32084.66,0.124,1034.99,0,3,42999.93,0.7462
L000467,C000467,Credit Card,13666.05,8454.15,0.1255,325.16,0,0,16215.62,0.5214
L000468,C000468,Personal Loan,26993.09,12206.28,0.0633,230.31,0,0,20459.16,0.5966
L000469,C000469,Auto Finance,10168.02,5028.27,0.1408,78.57,0,0,8588.38,0.5855
L000470,C000470,Auto Finance,31087.49,15947.09,0.0501,295.32,0,0,63601.2,0.2507
L000471,C000471,Personal Loan,12295.06,2053.11,0.0471,54.03,0,0,3619.99,0.5672
L000472,C000472,Personal Loan,44259.31,36576.85,0.1282,1662.58,0,0,97649.58,0.3746
L000473,C000473,Personal Loan,9581.86,1858.87,0.161,26.56,0,0,12115.89,0.1534
L000474,C000474,Credit Card,37589.73,32454.06,0.1547,1475.18,30,1,65131.09,0.4983
L000475,C000475,Personal Loan,44994.76,41899.69,0.1168,598.57,0,0,84957.21,0.4932
L000476,C000476,Credit Card,3259.06,1693.73,0.1025,42.34,0,0,4369.45,0.3876
L000477,C000477,Auto Finance,7999.52,6067.53,0.1612,195.73,0,0,78976.52,0.0768
L000478,C000478,Credit Card,31373.62,17276.69,0.1783,401.78,0,0,33381.04,0.5176
L000479,C000479,Credit Card,30444.51,23001.34,0.1756,522.76,30,2,92248.43,0.2493
L000480,C000480,Personal Loan,19955.52,18683.84,0.1497,455.7,30,1,61266.44,0.305
L000481,C000481,Credit Card,7918.55,6176.0,0.163,114.37,0,0,18346.92,0.3366
L000482,C000482,Credit Card,15197.88,2304.33,0.0453,56.2,0,0,4459.78,0.5167
L000483,C000483,Auto Finance,19530.24,15290.05,0.0545,283.15,0,0,152334.93,0.1004
L000484,C000484,Credit Card,8570.92,5786.51,0.1375,170.19,0,0,10412.85,0.5557
L000485,C000485,Auto Finance,36747.38,21730.89,0.0689,1143.73,0,0,40317.99,0.539
L000486,C000486,Personal Loan,10354.74,3784.11,0.1287,90.1,120,2,7433.26,0.5091
L000487,C000487,Credit Card,44061.89,13987.21,0.1089,237.07,0,0,86016.13,0.1626
L000488,C000488,Auto Finance,20665.22,10297.66,0.1341,490.36,0,1,58133.17,0.1771
L000489,C000489,Personal Loan,35194.09,30985.66,0.1654,1347.2,0,0,120728.58,0.2567
L000490,C000490,Credit Card,17580.66,13975.65,0.0586,582.32,0,0,47823.37,0.2922
L000491,C000491,Auto Finance,19230.06,9821.79,0.1639,363.77,0,0,20325.76,0.4832
L000492,C000492,Personal Loan,42478.81,19354.27,0.1167,339.55,0,0,170016.84,0.1138
L000493,C000493,Credit Card,37474.73,23129.5,0.054,453.52,0,1,48227.15,0.4796
L000494,C000494,Personal Loan,33623.73,11383.57,0.1015,175.13,0,0,16622.35,0.6848
L000495,C000495,Personal Loan,8311.75,7484.6,0.0621,374.23,15,1,18963.0,0.3947
L000496,C000496,Personal Loan,41887.93,22099.23,0.1642,849.97,120,2,119168.68,0.1854
L000497,C000497,Credit Card,25945.03,12554.36,0.1332,181.95,0,0,95734.41,0.1311
L000498,C000498,Auto Finance,30314.63,22744.46,0.1286,1083.07,60,1,25866.25,0.8793
L000499,C000499,Personal Loan,36373.31,9216.94,0.0849,271.09,0,0,15792.55,0.5836
L000500,C000500,Credit Card,16067.02,7625.74,0.1121,107.4,0,0,11121.86,0.6857
L000501,C000501,Personal Loan,8009.89,6947.61,0.1436,124.06,0,0,138952.2,0.03
L000502,C000502,Personal Loan,17637.25,7490.87,0.1161,166.46,0,0,23766.37,0.3152
L000503,C000503,Credit Card,34318.9,10819.53,0.1373,263.89,15,1,40072.38,0.27
L000504,C000504,Credit Card,19153.38,14842.37,0.0513,345.17,0,2,83605.04,0.1775
L000505,C000505,Auto Finance,14404.21,9166.76,0.1704,199.28,0,0,26849.67,0.3414
L000506,C000506,Credit Card,26259.15,20033.35,0.1036,345.4,45,1,32857.88,0.6097
L000507,C000507,Personal Loan,19479.52,11302.04,0.0508,364.58,0,0,64230.06,0.176
L000508,C000508,Credit Card,21146.74,5804.8,0.1634,89.3,30,1,22562.41,0.2573
L000509,C000509,Auto Finance,15508.61,12128.68,0.0664,242.57,60,2,18653.25,0.6502
L000510,C000510,Auto Finance,11822.95,11084.72,0.141,357.57,0,0,46039.19,0.2408
L000511,C000511,Personal Loan,7342.06,4741.3,0.0689,65.85,0,0,8670.31,0.5468
L000512,C000512,Auto Finance,16077.31,3239.92,0.1686,66.12,0,0,5310.69,0.6101
L000513,C000513,Auto Finance,26569.0,23834.11,0.1079,851.22,0,0,30697.68,0.7764
L000514,C000514,Credit Card,4046.76,2082.3,0.1113,50.79,0,1,4386.66,0.4747
L000515,C000515,Credit Card,34058.22,12218.83,0.0993,174.55,0,0,16043.08,0.7616
L000516,C000516,Personal Loan,44182.36,26861.66,0.0864,583.95,0,0,124787.83,0.2153
L000517,C000517,Credit Card,43196.82,24948.31,0.1601,804.78,0,0,55053.73,0.4532
L000518,C000518,Credit Card,31317.14,29357.91,0.1503,863.47,0,0,73499.88,0.3994
L000519,C000519,Personal Loan,16722.16,6423.51,0.1115,139.64,0,0,28335.34,0.2267
L000520,C000520,Auto Finance,44043.73,13108.11,0.1049,485.49,0,0,34571.91,0.3792
L000521,C000521,Credit Card,19603.56,12395.74,0.1272,177.08,120,2,17560.2,0.7059
L000522,C000522,Credit Card,34301.36,9691.77,0.117,302.87,15,1,60279.0,0.1608
L000523,C000523,Credit Card,35166.65,31802.31,0.1379,636.05,0,0,48004.46,0.6625
L000524,C000524,Credit Card,10652.27,7196.96,0.1352,112.45,30,1,12757.04,0.5642
L000525,C000525,Auto Finance,30321.88,9658.04,0.141,166.52,0,3,20951.02,0.461
L000526,C000526,Credit Card,32413.79,16483.15,0.0639,235.47,60,1,29714.28,0.5547
L000527,C000527,Auto Finance,16030.73,12015.44,0.1645,387.59,0,0,40578.81,0.2961
L000528,C000528,Personal Loan,6336.79,2186.81,0.0966,35.27,0,0,2997.63,0.7295
L000529,C000529,Auto Finance,39112.86,31905.42,0.0487,818.09,0,0,89363.32,0.357
L000530,C000530,Credit Card,38346.56,35627.43,0.0692,712.55,0,0,57256.37,0.6222
L000531,C000531,Personal Loan,23057.96,10590.81,0.0933,286.24,0,0,14818.8,0.7147
L000532,C000532,Auto Finance,10942.99,7540.1,0.1669,134.64,0,0,22208.41,0.3395
L000533,C000533,Credit Card,13080.18,9810.7,0.1068,316.47,0,0,17235.62,0.5692
L000534,C000534,Credit Card,31339.94,10341.2,0.1643,220.03,0,0,32082.15,0.3223
L000535,C000535,Auto Finance,44005.76,36869.59,0.1399,801.51,0,0,66824.41,0.5517
L000536,C000536,Personal Loan,37131.8,33268.85,0.1147,1108.96,0,0,99650.25,0.3339
L000537,C000537,Personal Loan,41078.39,6416.18,0.1618,130.94,0,0,22849.24,0.2808
L000538,C000538,Personal Loan,16518.82,4017.49,0.0497,100.44,0,0,20822.64,0.1929
L000539,C000539,Personal Loan,3898.6,1560.76,0.1571,86.71,0,0,3862.84,0.404
L000540,C000540,Auto Finance,16099.35,10977.17,0.1238,313.63,0,0,36028.0,0.3047
L000541,C000541,Personal Loan,12200.61,5682.1,0.1599,183.29,0,0,9903.02,0.5738
L000542,C000542,Personal Loan,19231.86,5206.67,0.0897,82.65,0,0,12884.31,0.4041
L000543,C000543,Personal Loan,28979.8,17667.96,0.1139,569.93,0,0,27319.61,0.6467
L000544,C000544,Credit Card,12357.36,3770.68,0.0463,85.7,0,0,9874.13,0.3819
L000545,C000545,Credit Card,33504.42,29968.82,0.0662,468.26,30,1,154003.61,0.1946
L000546,C000546,Auto Finance,32768.65,29247.68,0.0791,596.89,0,0,120814.86,0.2421
L000547,C000547,Personal Loan,38223.2,8347.83,0.0821,128.43,0,0,28112.81,0.2969
L000548,C000548,Credit Card,11413.06,1911.3,0.1046,79.64,0,0,9202.69,0.2077
L000549,C000549,Auto Finance,39291.4,19120.14,0.1669,303.49,0,0,47281.56,0.4044
L000550,C000550,Auto Finance,33368.66,10927.45,0.1383,376.81,0,0,14615.73,0.7477
L000551,C000551,Personal Loan,39716.66,15723.6,0.1277,238.24,0,0,37758.58,0.4164
L000552,C000552,Personal Loan,34549.48,8601.54,0.0953,209.79,0,0,19496.35,0.4412
L000553,C000553,Credit Card,12746.69,9599.0,0.1206,479.95,0,0,26171.13,0.3668
L000554,C000554,Auto Finance,34616.54,25123.89,0.0722,930.51,60,1,114970.6,0.2185
L000555,C000555,Credit Card,20085.41,9444.02,0.1144,524.67,15,1,23698.11,0.3985
L000556,C000556,Personal Loan,17410.98,6975.51,0.1024,199.3,0,0,18414.44,0.3788
L000557,C000557,Credit Card,16767.54,12435.44,0.1336,310.89,0,0,48078.94,0.2586
L000558,C000558,Personal Loan,13965.38,12053.78,0.1673,197.6,0,0,17851.87,0.6752
L000559,C000559,Auto Finance,19839.47,9092.2,0.1544,174.85,0,0,10227.99,0.889
L000560,C000560,Credit Card,24378.86,6551.99,0.1761,145.6,30,1,14124.62,0.4639
L000561,C000561,Personal Loan,19402.28,15252.88,0.1113,476.65,0,0,115357.9,0.1322
L000562,C000562,Credit Card,23904.49,19546.63,0.0521,291.74,0,0,38290.97,0.5105
L000563,C000563,Credit Card,21618.58,11941.57,0.1263,277.71,120,2,38094.35,0.3135
L000564,C000564,Credit Card,22846.09,11713.16,0.1394,390.44,0,0,18916.96,0.6192
L000565,C000565,Auto Finance,35023.03,20349.8,0.1362,317.97,0,0,42975.34,0.4735
L000566,C000566,Personal Loan,9353.95,6299.19,0.0957,196.85,135,3,41801.11,0.1507
L000567,C000567,Personal Loan,16813.87,15302.0,0.1418,283.37,0,0,32537.83,0.4703
L000568,C000568,Personal Loan,31133.22,23475.78,0.0719,670.74,0,0,46280.0,0.5073
L000569,C000569,Personal Loan,44672.91,31400.25,0.0988,951.52,45,1,95599.2,0.3285
L000570,C000570,Credit Card,15803.14,10688.17,0.1451,381.72,0,0,25316.43,0.4222
L000571,C000571,Credit Card,39302.2,24162.37,0.1433,493.11,15,1,84056.19,0.2875
L000572,C000572,Personal Loan,40424.19,6093.33,0.0758,210.11,0,0,9386.68,0.6491
L000573,C000573,Personal Loan,41843.27,18754.3,0.1705,416.76,0,0,52990.3,0.3539
L000574,C000574,Credit Card,37901.77,29658.48,0.1753,449.37,0,0,46272.09,0.641
L000575,C000575,Auto Finance,22962.98,15771.86,0.1304,250.35,0,0,85291.99,0.1849
L000576,C000576,Credit Card,27330.99,23404.23,0.1647,936.17,0,0,313543.84,0.0746
L000577,C000577,Auto Finance,29661.33,13933.92,0.1579,267.96,60,1,16987.36,0.8203
L000578,C000578,Auto Finance,36881.52,30978.52,0.0819,737.58,45,1,41809.39,0.7409
L000579,C000579,Auto Finance,28124.1,22649.39,0.1197,371.3,0,0,67651.6,0.3348
L000580,C000580,Auto Finance,40607.45,35797.01,0.1294,701.9,0,0,68341.08,0.5238
L000581,C000581,Credit Card,17036.69,15845.01,0.0861,528.17,90,2,30344.8,0.5222
L000582,C000582,Credit Card,3175.74,1552.23,0.0947,32.34,15,1,3070.42,0.5055
L000583,C000583,Auto Finance,36486.27,27260.58,0.0668,478.26,0,0,50433.39,0.5405
L000584,C000584,Auto Finance,37479.33,17925.97,0.1583,303.83,60,1,44839.29,0.3998
L000585,C000585,Credit Card,29983.33,25157.31,0.0824,1197.97,0,0,53381.69,0.4713
L000586,C000586,Credit Card,35477.77,32521.34,0.1118,1626.07,0,0,118567.82,0.2743
L000587,C000587,Auto Finance,24691.82,16500.89,0.1603,257.83,0,0,40477.12,0.4077
L000588,C000588,Auto Finance,19839.99,3262.16,0.1228,72.49,15,1,9010.14,0.3621
L000589,C000589,Credit Card,27336.5,4135.46,0.0595,76.58,45,1,13278.33,0.3114
L000590,C000590,Credit Card,44759.04,31142.22,0.1754,444.89,45,1,84498.95,0.3686
L000591,C000591,Auto Finance,42651.68,29661.03,0.1328,1022.79,0,0,110464.45,0.2685
L000592,C000592,Auto Finance,32548.48,24626.51,0.1647,1026.1,15,1,94379.96,0.2609
L000593,C000593,Credit Card,5355.84,1436.94,0.06,24.35,45,1,5245.71,0.2739
L000594,C000594,Credit Card,38166.45,31779.53,0.1292,775.11,135,3,53042.02,0.5991
L000595,C000595,Personal Loan,3563.68,2040.81,0.0487,31.4,60,2,6597.82,0.3093
L000596,C000596,Personal Loan,17590.7,15439.3,0.153,551.4,0,0,24735.54,0.6242
L000597,C000597,Credit Card,25760.79,11787.69,0.1047,196.46,15,1,73674.92,0.16
L000598,C000598,Personal Loan,12116.54,9727.11,0.1751,286.09,0,0,14961.25,0.6502
L000599,C000599,Credit Card,15974.43,13422.01,0.1593,497.11,0,0,36901.34,0.3637
L000600,C000600,Auto Finance,21562.66,5099.3,0.1452,154.52,0,0,8163.27,0.6247
L000601,C000601,Personal Loan,34707.25,14438.19,0.059,218.76,0,0,68029.06,0.2122
L000602,C000602,Auto Finance,35712.76,32491.53,0.0562,738.44,0,0,185112.98,0.1755
L000603,C000603,Auto Finance,15551.4,10720.47,0.1732,446.69,0,0,10828.76,0.99
L000604,C000604,Credit Card,21857.06,16213.72,0.0998,238.44,60,1,39125.48,0.4144
L000605,C000605,Personal Loan,12774.49,10805.78,0.1006,415.61,0,1,28962.96,0.3731
L000606,C000606,Auto Finance,35101.06,21036.41,0.1435,751.3,0,0,23668.56,0.8888
L000607,C000607,Auto Finance,16910.79,3514.53,0.1252,65.08,30,1,13417.02,0.2619
L000608,C000608,Credit Card,39936.29,11834.33,0.1635,493.1,0,0,41907.1,0.2824
L000609,C000609,Credit Card,40530.07,25031.08,0.0817,439.14,0,0,59106.24,0.4235
L000610,C000610,Auto Finance,30912.55,17778.14,0.0917,378.26,0,0,37260.33,0.4771
L000611,C000611,Auto Finance,27538.54,25295.42,0.1372,383.26,0,0,36843.03,0.6866
L000612,C000612,Personal Loan,8661.53,5984.96,0.1357,124.69,0,1,8869.78,0.6748
L000613,C000613,Personal Loan,16160.05,12823.02,0.1431,512.92,0,0,36996.25,0.3466
L000614,C000614,Credit Card,32448.99,21183.98,0.1754,784.59,90,2,41949.17,0.505
L000615,C000615,Personal Loan,41148.37,34198.93,0.143,1005.85,0,0,91157.55,0.3752
L000616,C000616,Personal Loan,35268.58,10622.06,0.1342,236.05,0,0,43181.76,0.246
L000617,C000617,Auto Finance,15674.6,10879.7,0.1096,302.21,0,0,18982.95,0.5731
L000618,C000618,Credit Card,7574.41,2209.72,0.083,41.69,0,0,6157.4,0.3589
L000619,C000619,Personal Loan,8405.5,4643.01,0.1218,211.05,135,3,6130.8,0.7573
L000620,C000620,Credit Card,25067.79,18086.06,0.1545,258.37,45,1,81482.58,0.222
L000621,C000621,Auto Finance,43905.94,33287.39,0.0607,545.69,0,0,64009.8,0.52
L000622,C000622,Credit Card,10773.04,6090.77,0.0723,290.04,0,0,26793.77,0.2273
L000623,C000623,Auto Finance,38375.66,28561.08,0.0994,1586.73,0,0,52847.5,0.5404
L000624,C000624,Auto Finance,32170.8,26320.66,0.1407,940.02,60,1,34718.83,0.7581
L000625,C000625,Credit Card,5497.13,3651.79,0.1205,173.89,0,0,20103.47,0.1816
L000626,C000626,Auto Finance,18991.88,17719.18,0.0854,322.17,0,0,65031.08,0.2725
L000627,C000627,Auto Finance,44957.3,24588.35,0.1183,630.47,0,0,46885.12,0.5244
L000628,C000628,Personal Loan,21217.62,9294.62,0.0459,130.91,0,0,19127.5,0.4859
L000629,C000629,Auto Finance,26791.6,23198.81,0.0591,421.8,0,0,28059.91,0.8268
L000630,C000630,Auto Finance,17408.65,3192.54,0.0732,145.12,0,0,11047.28,0.289
L000631,C000631,Auto Finance,27937.29,20773.3,0.1755,399.49,0,0,66510.84,0.3123
L000632,C000632,Personal Loan,8859.7,3475.22,0.1549,63.19,90,2,6815.07,0.5099
L000633,C000633,Auto Finance,32885.73,13332.08,0.1049,740.67,0,0,38355.24,0.3476
L000634,C000634,Personal Loan,9324.05,3478.39,0.0935,99.38,15,1,19851.04,0.1752
L000635,C000635,Personal Loan,11586.91,2271.17,0.0688,61.38,0,0,2899.64,0.7833
L000636,C000636,Auto Finance,9860.39,9240.71,0.1619,486.35,60,1,48096.32,0.1921
L000637,C000637,Credit Card,10906.57,7729.88,0.1665,266.55,0,0,15949.11,0.4847
L000638,C000638,Personal Loan,32205.18,6076.52,0.0729,108.51,15,1,7122.1,0.8532
L000639,C000639,Personal Loan,24447.19,17587.92,0.0558,358.94,0,0,28163.5,0.6245
L000640,C000640,Auto Finance,17018.21,12420.45,0.1623,185.38,0,0,20414.98,0.6084
L000641,C000641,Personal Loan,22150.14,19230.98,0.0791,620.35,0,0,39154.18,0.4912
L000642,C000642,Auto Finance,39340.07,19354.97,0.1491,553.0,0,0,56948.86,0.3399
L000643,C000643,Personal Loan,35516.67,22086.01,0.0887,690.19,0,0,441720.2,0.03
L000644,C000644,Auto Finance,40064.48,17328.58,0.0629,247.55,0,0,60473.12,0.2866
L000645,C000645,Credit Card,37772.41,21874.54,0.1551,455.72,0,0,85967.84,0.2545
L000646,C000646,Credit Card,20218.26,5903.81,0.1706,101.79,0,0,7700.06,0.7667
L000647,C000647,Personal Loan,14639.11,11885.03,0.0759,297.13,0,0,19668.9,0.6043
L000648,C000648,Credit Card,8954.53,7437.71,0.147,185.94,0,0,34234.31,0.2173
L000649,C000649,Auto Finance,34195.1,28323.61,0.1287,404.62,60,2,190747.93,0.1485
L000650,C000650,Auto Finance,39897.8,32295.35,0.069,576.7,0,0,60172.51,0.5367
L000651,C000651,Personal Loan,15624.36,13646.43,0.1753,310.15,0,0,103925.46,0.1313
L000652,C000652,Credit Card,37881.14,32212.72,0.093,1789.6,0,0,77453.94,0.4159
L000653,C000653,Personal Loan,7432.68,5594.25,0.1522,147.22,0,0,7106.85,0.7872
L000654,C000654,Credit Card,43391.49,11963.94,0.0995,209.89,0,0,60820.94,0.1967
L000655,C000655,Personal Loan,5666.35,4293.9,0.0496,93.35,15,1,14545.53,0.2952
L000656,C000656,Personal Loan,3393.11,2894.63,0.1746,51.69,0,0,6611.34,0.4378
L000657,C000657,Personal Loan,29649.9,14181.78,0.0925,675.32,0,0,283635.6,0.037
L000658,C000658,Auto Finance,4752.85,1741.56,0.0698,30.03,0,0,3143.41,0.554
L000659,C000659,Auto Finance,33061.63,12647.53,0.1393,632.38,0,0,55501.98,0.2279
L000660,C000660,Credit Card,36024.9,24299.32,0.1062,426.3,0,0,96836.53,0.2509
L000661,C000661,Credit Card,25374.53,3824.16,0.048,83.13,0,0,5783.51,0.6612
L000662,C000662,Personal Loan,41678.65,33930.77,0.1222,1170.03,45,1,108742.97,0.312
L000663,C000663,Credit Card,37990.84,25492.97,0.1446,670.87,0,0,72408.78,0.3521
L000664,C000664,Personal Loan,36378.28,21502.33,0.069,1023.92,0,0,73767.08,0.2915
L000665,C000665,Personal Loan,25714.12,20188.0,0.0851,841.17,0,0,95006.81,0.2125
L000666,C000666,Credit Card,20958.25,16491.25,0.0749,392.65,60,1,21292.42,0.7745
L000667,C000667,Credit Card,3845.17,946.19,0.0745,17.85,0,0,2000,0.5785
L000668,C000668,Credit Card,19127.53,7142.71,0.1228,99.2,0,0,15289.9,0.4672
L000669,C000669,Credit Card,24290.17,20797.42,0.0707,507.25,0,0,57128.46,0.364
L000670,C000670,Personal Loan,18837.84,9945.78,0.0866,261.73,0,0,13902.3,0.7154
L000671,C000671,Credit Card,25098.19,6217.9,0.1776,100.29,0,0,15107.13,0.4116
L000672,C000672,Credit Card,10195.51,7930.03,0.1665,141.61,0,0,33282.57,0.2383
L000673,C000673,Credit Card,3691.04,1412.23,0.1547,22.42,0,0,2889.46,0.4888
L000674,C000674,Auto Finance,18175.47,17031.63,0.0702,387.08,60,2,31344.21,0.5434
L000675,C000675,Personal Loan,28672.46,17742.7,0.0607,933.83,45,1,126871.84,0.1398
L000676,C000676,Auto Finance,41197.47,16450.73,0.1372,411.27,60,1,71736.09,0.2293
L000677,C000677,Credit Card,21039.05,12681.38,0.0781,437.29,0,0,23953.42,0.5294
L000678,C000678,Credit Card,16653.18,3333.25,0.1561,101.01,45,1,11474.29,0.2905
L000679,C000679,Auto Finance,9421.43,3166.52,0.0804,63.33,0,2,12104.83,0.2616
L000680,C000680,Credit Card,38783.67,32638.18,0.053,1717.8,0,0,42225.23,0.773
L000681,C000681,Personal Loan,7029.18,5119.75,0.1611,75.29,0,1,8766.92,0.584
L000682,C000682,Personal Loan,34336.04,5501.88,0.0754,161.82,0,0,36106.25,0.1524
L000683,C000683,Auto Finance,22092.52,20495.72,0.1365,455.46,0,0,35132.78,0.5834
L000684,C000684,Personal Loan,3797.33,3575.21,0.0974,65.0,0,4,10030.53,0.3564
L000685,C000685,Personal Loan,35471.37,27738.92,0.1078,577.89,0,0,102427.63,0.2708
L000686,C000686,Personal Loan,41512.69,31690.01,0.1337,880.28,0,0,172556.55,0.1836
L000687,C000687,Auto Finance,44517.93,34246.89,0.1778,901.23,0,0,238147.72,0.1438
L000688,C000688,Personal Loan,28373.08,24273.8,0.0676,362.3,0,0,54175.25,0.4481
L000689,C000689,Credit Card,10060.5,2891.64,0.0917,111.22,0,0,3950.69,0.7319
L000690,C000690,Credit Card,29114.85,20029.56,0.1708,323.06,0,0,43329.73,0.4623
L000691,C000691,Auto Finance,23439.55,22018.45,0.088,1158.87,15,1,66937.82,0.3289
L000692,C000692,Personal Loan,35810.55,21280.96,0.0771,366.91,135,3,24077.38,0.8839
L000693,C000693,Credit Card,6292.14,4565.97,0.1523,114.15,0,0,9406.61,0.4854
L000694,C000694,Auto Finance,33757.69,27685.14,0.0913,461.42,0,0,76310.83,0.3628
L000695,C000695,Personal Loan,20825.61,18285.27,0.1696,507.92,0,0,29097.71,0.6284
L000696,C000696,Personal Loan,42346.01,8933.28,0.0833,154.02,0,0,11562.66,0.7726
L000697,C000697,Auto Finance,28210.98,25378.22,0.1134,634.46,0,0,58648.85,0.4327
L000698,C000698,Credit Card,8078.82,2601.87,0.1135,36.65,60,1,10443.48,0.2491
L000699,C000699,Auto Finance,27497.47,8691.88,0.1306,181.08,0,1,12278.35,0.7079
L000700,C000700,Credit Card,33973.49,14763.36,0.1163,590.53,30,1,22126.28,0.6672
L000701,C000701,Credit Card,4123.63,966.51,0.1272,27.61,90,2,3196.96,0.3023
L000702,C000702,Personal Loan,33931.5,8698.83,0.0558,280.61,60,2,25517.93,0.3409
L000703,C000703,Personal Loan,30105.38,18002.58,0.1728,1000.14,90,3,41184.4,0.4371
L000704,C000704,Credit Card,22196.46,5370.17,0.0459,85.24,0,0,24783.21,0.2167
L000705,C000705,Personal Loan,38520.64,18499.82,0.0978,308.33,0,0,79973.56,0.2313
L000706,C000706,Auto Finance,29951.72,26956.09,0.128,1078.24,0,0,116567.2,0.2312
L000707,C000707,Credit Card,32864.01,16373.05,0.1014,233.9,30,1,38197.55,0.4286
L000708,C000708,Personal Loan,20881.32,4606.35,0.1056,143.95,15,1,5760.99,0.7996
L000709,C000709,Credit Card,36669.69,8917.24,0.0608,159.24,0,0,9856.5,0.9047
L000710,C000710,Auto Finance,7824.93,6775.22,0.1313,141.15,0,0,11860.59,0.5712
L000711,C000711,Credit Card,14853.19,7358.5,0.1508,179.48,0,0,21928.82,0.3356
L000712,C000712,Personal Loan,5194.98,4458.6,0.0914,75.57,0,0,16204.6,0.2751
L000713,C000713,Auto Finance,21252.76,19773.57,0.0497,681.85,0,0,27870.89,0.7095
L000714,C000714,Personal Loan,21786.63,3627.0,0.1272,88.46,0,0,9532.13,0.3805
L000715,C000715,Auto Finance,34211.45,6386.68,0.0921,354.82,15,1,13657.06,0.4676
L000716,C000716,Personal Loan,30604.56,6174.03,0.0684,187.09,30,2,8078.06,0.7643
L000717,C000717,Personal Loan,18891.89,12276.57,0.1635,240.72,0,0,36451.22,0.3368
L000718,C000718,Auto Finance,3057.64,714.13,0.0482,26.45,0,1,2000,0.4707
L000719,C000719,Personal Loan,15321.12,8393.33,0.0976,199.84,30,1,19315.58,0.4345
L000720,C000720,Credit Card,29407.62,18727.68,0.1599,267.54,0,2,33734.59,0.5551
L000721,C000721,Auto Finance,19386.32,15227.55,0.0536,267.15,0,0,43025.95,0.3539
L000722,C000722,Auto Finance,12792.11,6196.9,0.1641,114.76,0,0,8869.45,0.6987
L000723,C000723,Personal Loan,14719.82,5661.38,0.1631,145.16,0,0,10919.67,0.5185
L000724,C000724,Personal Loan,7001.86,1610.67,0.0797,55.54,0,1,7056.67,0.2282
L000725,C000725,Credit Card,15282.65,9617.18,0.1085,267.14,0,0,30738.94,0.3129
L000726,C000726,Credit Card,5509.73,2286.07,0.0753,41.56,0,0,5326.17,0.4292
L000727,C000727,Auto Finance,25439.13,18768.55,0.1003,893.74,0,0,24243.09,0.7742
L000728,C000728,Auto Finance,7774.85,4065.36,0.1062,58.92,30,1,10959.39,0.3709
L000729,C000729,Auto Finance,24022.58,12809.05,0.1773,674.16,0,0,22479.14,0.5698
L000730,C000730,Auto Finance,44219.79,33701.97,0.1604,1248.22,0,0,62682.12,0.5377
L000731,C000731,Credit Card,9802.62,4767.75,0.1521,99.33,0,0,8626.21,0.5527
L000732,C000732,Auto Finance,32399.8,20716.46,0.0805,450.36,0,0,52554.52,0.3942
L000733,C000733,Personal Loan,25481.72,4101.44,0.0502,157.75,0,0,11265.64,0.3641
L000734,C000734,Credit Card,12841.54,4657.55,0.1232,179.14,0,0,11043.0,0.4218
L000735,C000735,Credit Card,40364.42,9688.04,0.0525,173.0,15,1,53928.86,0.1796
L000736,C000736,Credit Card,15325.52,10768.43,0.1381,316.72,0,0,57896.35,0.186
L000737,C000737,Personal Loan,32267.12,28055.76,0.1325,1275.26,0,0,84934.71,0.3303
L000738,C000738,Auto Finance,7163.87,4834.61,0.1177,112.43,0,0,24200.52,0.1998
L000739,C000739,Credit Card,33448.16,6346.61,0.1516,135.03,30,1,8842.12,0.7178
L000740,C000740,Credit Card,9916.12,7794.45,0.0672,389.72,0,0,17821.98,0.4374
L000741,C000741,Personal Loan,44912.53,17023.71,0.1059,460.1,45,1,128127.26,0.1329
L000742,C000742,Credit Card,24771.97,12198.47,0.1627,206.75,0,0,18594.04,0.656
L000743,C000743,Credit Card,6155.59,5152.95,0.0895,166.22,0,0,15279.42,0.3372
L000744,C000744,Credit Card,37327.2,27983.98,0.15,458.75,0,0,60455.81,0.4629
L000745,C000745,Credit Card,14712.69,3856.74,0.151,63.23,15,1,5869.85,0.657
L000746,C000746,Personal Loan,36321.77,9395.8,0.0497,268.45,0,0,74612.47,0.1259
L000747,C000747,Auto Finance,6521.28,3749.43,0.1405,72.1,0,0,8296.88,0.4519
L000748,C000748,Auto Finance,43020.32,36075.81,0.058,1288.42,0,0,59339.92,0.608
L000749,C000749,Credit Card,42159.3,35270.13,0.1526,1410.81,0,0,103679.48,0.3402
L000750,C000750,Personal Loan,8488.15,3048.8,0.1603,54.44,0,0,9350.32,0.3261
L000751,C000751,Credit Card,18208.68,8783.6,0.0605,186.89,0,0,24832.53,0.3537
L000752,C000752,Auto Finance,21866.53,6823.11,0.1702,262.43,0,0,29773.15,0.2292
L000753,C000753,Personal Loan,30451.8,9895.92,0.0867,149.94,0,0,24700.78,0.4006
L000754,C000754,Auto Finance,3650.86,2458.97,0.0601,52.32,0,0,10325.6,0.2381
L000755,C000755,Credit Card,37215.83,15257.94,0.1742,238.41,0,0,49513.63,0.3082
L000756,C000756,Personal Loan,42536.29,18804.48,0.1303,522.35,0,0,136961.54,0.1373
L000757,C000757,Personal Loan,39887.62,35385.04,0.0912,1608.41,0,0,198490.37,0.1783
L000758,C000758,Credit Card,34002.33,19847.37,0.0767,484.08,180,3,26736.67,0.7423
L000759,C000759,Personal Loan,13409.59,2890.82,0.1373,46.63,15,1,9938.18,0.2909
L000760,C000760,Credit Card,28601.62,11866.39,0.1349,439.5,0,0,23450.27,0.506
L000761,C000761,Auto Finance,38540.5,26824.8,0.08,865.32,0,0,116309.0,0.2306
L000762,C000762,Personal Loan,40576.64,24461.9,0.153,906.0,0,0,50789.58,0.4816
L000763,C000763,Personal Loan,44931.4,34836.39,0.1332,1741.82,0,0,53629.66,0.6496
L000764,C000764,Auto Finance,8025.39,4050.93,0.1487,72.34,60,2,9944.51,0.4074
L000765,C000765,Credit Card,12612.54,6406.84,0.1033,110.46,0,1,11989.96,0.5344
L000766,C000766,Auto Finance,42047.41,22165.53,0.0636,382.16,225,5,73052.9,0.3034
L000767,C000767,Auto Finance,12147.05,2258.68,0.0538,98.2,0,0,35442.74,0.0637
L000768,C000768,Personal Loan,3470.49,1844.09,0.0489,27.12,0,0,4189.22,0.4402
L000769,C000769,Personal Loan,12657.35,8718.68,0.0874,122.8,0,0,32510.57,0.2682
L000770,C000770,Personal Loan,33831.26,11593.95,0.1511,207.03,0,0,22282.29,0.5203
L000771,C000771,Auto Finance,13546.74,5945.79,0.162,198.19,0,0,54163.74,0.1098
L000772,C000772,Personal Loan,31716.36,12999.47,0.0524,481.46,120,2,24063.07,0.5402
L000773,C000773,Personal Loan,35609.78,20504.63,0.1784,310.68,0,0,35871.65,0.5716
L000774,C000774,Personal Loan,4068.46,643.55,0.0526,11.29,90,2,2000,0.5795
L000775,C000775,Credit Card,21690.67,5514.01,0.0543,162.18,0,0,20381.19,0.2705
L000776,C000776,Credit Card,39132.65,10280.19,0.1332,186.91,0,0,15566.95,0.6604
L000777,C000777,Personal Loan,39671.61,11985.66,0.1445,171.22,0,0,33451.58,0.3583
L000778,C000778,Credit Card,31112.27,20171.15,0.0897,325.34,0,0,35031.61,0.5758
L000779,C000779,Credit Card,20634.66,11311.25,0.048,174.02,0,0,20215.03,0.5595
L000780,C000780,Auto Finance,27129.13,7585.68,0.1096,118.53,0,0,47936.63,0.1582
L000781,C000781,Auto Finance,20644.81,6607.8,0.1135,183.55,15,1,45026.32,0.1468
L000782,C000782,Credit Card,37396.12,30134.38,0.0987,913.16,0,0,56529.14,0.5331
L000783,C000783,Auto Finance,8165.46,5646.09,0.0971,282.3,0,0,20865.69,0.2706
L000784,C000784,Auto Finance,7326.2,6581.3,0.0887,365.63,0,0,9993.79,0.6585
L000785,C000785,Personal Loan,11418.44,2868.97,0.1409,79.69,0,0,7276.18,0.3943
L000786,C000786,Auto Finance,6362.96,2441.05,0.0707,90.41,0,0,9903.14,0.2465
L000787,C000787,Auto Finance,26043.24,24008.78,0.142,1091.31,0,0,78350.16,0.3064
L000788,C000788,Auto Finance,38569.16,35389.45,0.1124,956.47,0,0,89109.95,0.3971
L000789,C000789,Auto Finance,6782.45,2839.84,0.0951,94.66,0,0,7828.68,0.3627
L000790,C000790,Credit Card,32979.15,29693.6,0.1695,957.86,0,0,60038.39,0.4946
L000791,C000791,Credit Card,26402.2,8044.97,0.1279,174.89,0,0,55395.03,0.1452
L000792,C000792,Personal Loan,11268.02,5545.39,0.1787,113.17,0,0,20785.34,0.2668
L000793,C000793,Auto Finance,39014.9,12716.01,0.115,192.67,0,2,29722.36,0.4278
L000794,C000794,Personal Loan,37776.83,16270.93,0.1607,561.07,0,0,52460.32,0.3102
L000795,C000795,Auto Finance,20525.78,14444.33,0.1576,628.01,30,1,206711.67,0.0699
L000796,C000796,Auto Finance,6561.17,2846.06,0.127,76.92,0,0,30648.89,0.0929
L000797,C000797,Personal Loan,41137.04,17625.18,0.0538,451.93,0,0,22531.65,0.7822
L000798,C000798,Personal Loan,43490.22,29809.52,0.0675,903.32,0,0,54495.42,0.547
L000799,C000799,Auto Finance,5307.62,4498.38,0.1695,67.14,0,0,9658.66,0.4657
L000800,C000800,Credit Card,3877.35,2077.54,0.077,76.95,0,0,5836.64,0.3559
L000801,C000801,Personal Loan,40344.14,8282.61,0.0729,331.3,0,1,19196.5,0.4315
L000802,C000802,Personal Loan,31852.3,5894.88,0.0738,235.8,15,1,16796.01,0.351
L000803,C000803,Personal Loan,28995.0,16538.09,0.1257,413.45,0,0,37690.51,0.4388
L000804,C000804,Personal Loan,5865.05,1614.32,0.0662,30.46,30,2,6667.32,0.2421
L000805,C000805,Auto Finance,7361.83,5594.43,0.0997,136.45,0,0,11404.63,0.4905
L000806,C000806,Personal Loan,11456.22,10577.28,0.1044,587.63,0,0,31823.79,0.3324
L000807,C000807,Auto Finance,10680.62,8202.23,0.1217,182.27,0,0,19050.78,0.4305
L000808,C000808,Personal Loan,13208.64,5028.42,0.1787,147.89,0,0,6724.48,0.7478
L000809,C000809,Auto Finance,21906.01,9328.74,0.1409,137.19,0,0,26991.99,0.3456
L000810,C000810,Personal Loan,16656.31,14859.51,0.1616,571.52,0,0,40554.02,0.3664
L000811,C000811,Personal Loan,44281.19,38548.38,0.0642,593.05,45,1,141977.47,0.2715
L000812,C000812,Personal Loan,25350.65,17002.87,0.08,531.34,0,0,25739.78,0.6606
L000813,C000813,Auto Finance,32827.92,19564.89,0.0769,331.61,0,0,172919.51,0.1131
L000814,C000814,Auto Finance,37282.36,30877.84,0.1178,812.57,0,0,89278.25,0.3459
L000815,C000815,Auto Finance,39800.84,6200.96,0.1413,238.5,0,0,21678.85,0.286
L000816,C000816,Credit Card,11228.2,9112.49,0.1221,268.01,45,1,14638.64,0.6225
L000817,C000817,Personal Loan,32674.45,13471.08,0.1291,198.1,0,0,31660.52,0.4255
L000818,C000818,Auto Finance,22256.05,5621.55,0.0927,267.69,0,0,15341.35,0.3664
L000819,C000819,Auto Finance,18919.68,5247.06,0.0755,80.72,90,2,68690.2,0.0764
L000820,C000820,Personal Loan,14799.2,10310.97,0.0868,294.6,0,0,16267.96,0.6338
L000821,C000821,Auto Finance,16520.39,15268.16,0.1212,803.59,15,1,108189.33,0.1411
L000822,C000822,Auto Finance,19372.12,4315.81,0.0741,107.9,0,0,7174.83,0.6015
L000823,C000823,Credit Card,3629.27,714.44,0.0733,20.41,0,0,3514.3,0.2033
L000824,C000824,Auto Finance,18396.93,11777.66,0.1208,356.9,0,0,16530.75,0.7125
L000825,C000825,Auto Finance,6624.54,1563.04,0.1351,27.42,0,0,9855.56,0.1586
L000826,C000826,Personal Loan,32918.05,10860.86,0.1729,271.52,0,0,36477.85,0.2977
L000827,C000827,Auto Finance,36846.01,6987.08,0.0823,145.56,0,0,12860.49,0.5433
L000828,C000828,Auto Finance,8141.69,7545.75,0.0727,110.97,60,1,37724.98,0.2
L000829,C000829,Auto Finance,36067.69,6873.85,0.0801,99.62,15,1,12517.32,0.5491
L000830,C000830,Credit Card,6445.67,2796.25,0.054,93.21,0,0,14438.67,0.1937
L000831,C000831,Personal Loan,5382.06,1665.16,0.0698,75.69,0,0,8544.22,0.1949
L000832,C000832,Personal Loan,34905.86,11594.22,0.0484,257.65,0,0,21633.36,0.5359
L000833,C000833,Credit Card,12235.82,10317.4,0.1721,286.59,0,0,15330.47,0.673
L000834,C000834,Auto Finance,38594.37,18716.52,0.05,534.76,0,0,84259.83,0.2221
L000835,C000835,Credit Card,28693.05,8869.41,0.142,385.63,0,0,37725.78,0.2351
L000836,C000836,Credit Card,38905.2,30123.69,0.151,568.37,0,0,36155.46,0.8332
L000837,C000837,Personal Loan,30781.95,27977.17,0.1058,490.83,45,1,59643.54,0.4691
L000838,C000838,Personal Loan,18468.12,3861.86,0.1615,183.9,90,2,9292.47,0.4156
L000839,C000839,Personal Loan,30334.59,17898.51,0.1552,715.94,90,2,22412.11,0.7986
L000840,C000840,Auto Finance,31772.05,21566.4,0.1397,458.86,0,1,431328.0,0.03
L000841,C000841,Personal Loan,30099.73,19405.47,0.101,510.67,0,0,87217.57,0.2225
L000842,C000842,Credit Card,11665.85,3030.68,0.1128,65.88,0,0,8903.65,0.3404
L000843,C000843,Personal Loan,38041.95,6321.22,0.1211,332.7,0,0,8722.64,0.7247
L000844,C000844,Personal Loan,4859.27,2386.87,0.0915,88.4,60,1,8572.04,0.2784
L000845,C000845,Personal Loan,8480.29,4889.82,0.0467,212.6,0,0,9870.9,0.4954
L000846,C000846,Auto Finance,14737.89,13586.42,0.0979,522.55,0,0,36203.92,0.3753
L000847,C000847,Credit Card,14739.28,10640.61,0.0537,241.83,0,0,29724.63,0.358
L000848,C000848,Auto Finance,38251.85,16090.48,0.1357,292.55,0,0,66472.55,0.2421
L000849,C000849,Auto Finance,40647.41,8435.59,0.1226,248.11,0,0,9496.51,0.8883
L000850,C000850,Auto Finance,11017.32,5957.4,0.1549,165.48,0,0,6721.74,0.8863
L000851,C000851,Personal Loan,15777.37,9575.19,0.1331,145.08,120,2,15084.92,0.6348
L000852,C000852,Personal Loan,7428.0,3943.36,0.0832,73.03,90,2,10109.45,0.3901
L000853,C000853,Credit Card,6501.55,4893.99,0.1474,99.88,0,0,15574.4,0.3142
L000854,C000854,Credit Card,3719.85,1889.25,0.1391,60.94,0,0,2721.59,0.6942
L000855,C000855,Credit Card,43810.85,29815.33,0.0597,1355.24,0,0,40809.31,0.7306
L000856,C000856,Auto Finance,15745.78,10147.24,0.1351,235.98,0,0,17090.94,0.5937
L000857,C000857,Credit Card,18228.21,15119.19,0.0967,260.68,0,0,35963.95,0.4204
L000858,C000858,Credit Card,18818.42,6628.15,0.0988,331.41,0,0,19573.58,0.3386
L000859,C000859,Auto Finance,5348.0,2629.16,0.0819,90.66,15,1,7664.99,0.343
L000860,C000860,Credit Card,13163.83,11349.34,0.0503,343.92,0,0,45301.64,0.2505
L000861,C000861,Credit Card,24139.38,7070.91,0.0638,207.97,0,0,21530.72,0.3284
L000862,C000862,Auto Finance,29177.81,18431.22,0.133,335.11,0,1,40467.31,0.4555
L000863,C000863,Auto Finance,7058.76,3682.84,0.0806,160.12,0,0,5355.87,0.6876
L000864,C000864,Personal Loan,22483.41,17100.32,0.059,388.64,0,0,35373.64,0.4834
L000865,C000865,Credit Card,19787.96,5245.88,0.1048,83.27,0,0,8005.7,0.6553
L000866,C000866,Personal Loan,16624.74,13129.28,0.1295,230.34,0,0,35192.18,0.3731
L000867,C000867,Credit Card,38407.15,13575.81,0.0531,617.08,0,0,70455.57,0.1927
L000868,C000868,Credit Card,20270.12,6143.91,0.1495,89.04,0,0,8193.25,0.7499
L000869,C000869,Credit Card,23454.26,6097.36,0.1399,129.73,0,0,10645.98,0.5727
L000870,C000870,Personal Loan,38495.0,18486.74,0.1755,355.51,0,0,77887.55,0.2374
L000871,C000871,Personal Loan,37836.36,9715.65,0.0521,373.68,0,0,25447.42,0.3818
L000872,C000872,Auto Finance,10807.67,1710.31,0.081,37.18,45,1,2878.18,0.5942
L000873,C000873,Credit Card,21730.05,20173.78,0.1592,458.49,60,1,93274.45,0.2163
L000874,C000874,Personal Loan,34866.08,25697.58,0.1622,535.37,0,0,42900.94,0.599
L000875,C000875,Personal Loan,7546.86,3339.99,0.1374,79.52,0,0,8361.46,0.3995
L000876,C000876,Auto Finance,34940.58,20573.7,0.1533,761.99,0,0,27425.67,0.7502
L000877,C000877,Personal Loan,24341.76,5595.97,0.1242,78.82,0,0,9647.7,0.58
L000878,C000878,Auto Finance,3180.95,672.35,0.1179,19.21,0,0,2000,0.4028
L000879,C000879,Credit Card,11491.59,7108.23,0.0573,192.11,0,0,9767.89,0.7277
L000880,C000880,Credit Card,34202.84,9195.54,0.1592,459.78,0,0,24132.25,0.381
L000881,C000881,Auto Finance,8223.18,1795.22,0.1483,44.88,0,0,3956.8,0.4537
L000882,C000882,Credit Card,44384.45,12116.41,0.1157,224.38,60,1,30442.36,0.398
L000883,C000883,Personal Loan,34812.79,25037.77,0.0634,894.21,0,0,84463.15,0.2964
L000884,C000884,Auto Finance,44557.4,23787.85,0.1548,849.57,60,1,475757.0,0.0409
L000885,C000885,Auto Finance,12825.64,2679.02,0.145,48.71,15,1,13875.02,0.1931
L000886,C000886,Personal Loan,29324.24,15646.22,0.1486,474.13,0,0,22923.77,0.6825
L000887,C000887,Auto Finance,13632.01,10418.78,0.061,336.09,15,1,16668.36,0.6251
L000888,C000888,Auto Finance,44462.39,8085.03,0.1466,139.4,0,0,10484.4,0.7711
L000889,C000889,Personal Loan,5335.47,2888.79,0.1292,93.19,0,0,18946.82,0.1525
L000890,C000890,Credit Card,23332.13,13379.5,0.1238,371.65,45,3,28128.55,0.4757
L000891,C000891,Credit Card,8688.83,6084.06,0.1788,101.4,0,0,14604.76,0.4166
L000892,C000892,Credit Card,8046.93,7575.42,0.1383,135.28,0,0,15163.12,0.4996
L000893,C000893,Auto Finance,42220.05,8212.01,0.1785,200.29,0,0,11699.04,0.7019
L000894,C000894,Auto Finance,39588.39,18940.74,0.0644,394.6,60,1,43906.92,0.4314
L000895,C000895,Auto Finance,16702.48,13221.23,0.1419,550.88,30,1,22854.73,0.5785
L000896,C000896,Auto Finance,30366.42,9554.39,0.0927,146.99,0,0,29543.34,0.3234
L000897,C000897,Credit Card,41365.79,26735.61,0.1452,581.21,60,1,31321.55,0.8536
L000898,C000898,Auto Finance,31341.16,20220.71,0.0715,577.73,0,0,64767.45,0.3122
L000899,C000899,Personal Loan,30024.53,9130.34,0.1567,415.02,0,0,11885.78,0.7682
L000900,C000900,Auto Finance,18974.13,11793.8,0.1214,166.11,0,0,22595.32,0.522
L000901,C000901,Personal Loan,7441.28,5616.08,0.0483,151.79,0,0,8000.55,0.702
L000902,C000902,Personal Loan,13284.57,4087.1,0.1734,62.88,0,0,9538.36,0.4285
L000903,C000903,Credit Card,20590.03,4028.34,0.1493,103.29,0,0,10718.05,0.3758
L000904,C000904,Auto Finance,21569.8,11867.63,0.1549,269.72,0,0,41992.44,0.2826
L000905,C000905,Credit Card,18124.38,10459.29,0.1441,249.03,0,0,21815.11,0.4795
L000906,C000906,Auto Finance,27531.94,23697.53,0.0636,789.92,30,1,33864.3,0.6998
L000907,C000907,Auto Finance,14766.23,10412.52,0.0745,548.03,0,0,12584.23,0.8274
L000908,C000908,Personal Loan,20884.9,11595.89,0.1155,246.72,0,0,39772.88,0.2916
L000909,C000909,Auto Finance,8754.17,6169.18,0.1638,128.52,15,1,13669.25,0.4513
L000910,C000910,Auto Finance,22729.92,16895.97,0.078,259.94,0,0,23595.66,0.7161
L000911,C000911,Personal Loan,37676.85,28002.82,0.0976,444.49,120,2,76475.31,0.3662
L000912,C000912,Credit Card,40118.66,16629.39,0.0556,875.23,0,0,21664.28,0.7676
L000913,C000913,Credit Card,16040.89,3379.06,0.1146,46.93,0,0,4484.41,0.7535
L000914,C000914,Personal Loan,18230.58,13802.61,0.0978,345.07,0,0,79128.4,0.1744
L000915,C000915,Personal Loan,10175.97,6282.3,0.1572,330.65,0,0,12903.94,0.4869
L000916,C000916,Auto Finance,44076.37,26438.85,0.1112,944.24,0,0,74964.99,0.3527
L000917,C000917,Auto Finance,9158.34,1825.0,0.0967,62.93,0,0,2254.72,0.8094
L000918,C000918,Auto Finance,27689.81,20575.62,0.0684,293.94,0,0,40415.49,0.5091
L000919,C000919,Credit Card,40040.86,6223.73,0.1006,111.14,0,0,8734.62,0.7125
L000920,C000920,Credit Card,34974.89,32918.8,0.1605,671.81,0,0,62231.11,0.529
L000921,C000921,Personal Loan,37321.55,8117.29,0.1499,197.98,0,0,9843.69,0.8246
L000922,C000922,Credit Card,35562.22,13368.83,0.1243,514.19,0,0,27769.58,0.4814
L000923,C000923,Personal Loan,38353.64,28572.95,0.0762,921.71,60,2,50603.6,0.5646
L000924,C000924,Personal Loan,33272.01,19572.07,0.1709,287.82,0,0,38495.96,0.5084
L000925,C000925,Credit Card,24760.28,19277.81,0.1221,741.45,30,1,284368.56,0.0678
L000926,C000926,Personal Loan,39153.34,36921.8,0.0901,559.42,45,1,98394.92,0.3752
L000927,C000927,Personal Loan,16459.75,13039.89,0.1644,283.48,0,0,23067.29,0.5653
L000928,C000928,Personal Loan,40582.4,17887.57,0.1727,266.98,0,0,32733.42,0.5465
L000929,C000929,Auto Finance,12878.05,2957.94,0.1256,48.49,0,0,7176.81,0.4122
L000930,C000930,Auto Finance,37649.23,13780.5,0.1387,320.48,45,1,24593.86,0.5603
L000931,C000931,Personal Loan,10815.63,7849.55,0.1599,156.99,0,0,52324.18,0.15
L000932,C000932,Auto Finance,32338.35,30441.19,0.1116,724.79,45,1,118863.11,0.2561
L000933,C000933,Credit Card,6171.7,2584.96,0.1641,123.09,15,1,4493.87,0.5752
L000934,C000934,Personal Loan,43885.02,19539.65,0.1372,368.67,0,0,107515.74,0.1817
L000935,C000935,Auto Finance,29008.45,18727.07,0.1162,283.74,0,0,41522.53,0.451
L000936,C000936,Auto Finance,12152.85,7994.84,0.0667,249.84,45,1,25390.48,0.3149
L000937,C000937,Personal Loan,24149.78,13605.0,0.0966,230.59,0,0,41758.25,0.3258
L000938,C000938,Credit Card,6330.91,5362.97,0.0485,184.93,0,0,7404.48,0.7243
L000939,C000939,Personal Loan,42227.26,8460.66,0.1528,176.26,0,0,9924.66,0.8525
L000940,C000940,Personal Loan,30718.46,10808.52,0.0855,386.02,0,0,70418.1,0.1535
L000941,C000941,Auto Finance,10011.14,4518.22,0.0744,225.91,0,0,5409.63,0.8352
L000942,C000942,Auto Finance,39075.29,24230.88,0.1175,384.62,0,0,57101.92,0.4243
L000943,C000943,Auto Finance,43101.82,24702.49,0.1345,352.89,0,1,87738.47,0.2815
L000944,C000944,Auto Finance,43762.5,9934.41,0.0888,152.84,90,2,12283.12,0.8088
L000945,C000945,Credit Card,18951.25,3683.77,0.0913,53.39,0,0,10971.02,0.3358
L000946,C000946,Auto Finance,44471.65,20625.57,0.1167,307.84,0,0,55051.75,0.3747
L000947,C000947,Personal Loan,20530.79,16433.23,0.1546,288.3,0,0,25421.89,0.6464
L000948,C000948,Auto Finance,13258.03,8563.3,0.1154,342.53,0,0,43923.87,0.195
L000949,C000949,Auto Finance,35961.55,23507.37,0.055,652.98,30,1,103471.61,0.2272
L000950,C000950,Personal Loan,10825.17,9100.2,0.1593,379.18,0,0,15046.24,0.6048
L000951,C000951,Personal Loan,14251.65,7246.67,0.137,105.02,90,2,30809.77,0.2352
L000952,C000952,Personal Loan,15455.27,13534.08,0.1741,436.58,0,0,32674.18,0.4142
L000953,C000953,Personal Loan,41476.87,7416.97,0.1031,180.9,300,5,35376.36,0.2097
L000954,C000954,Personal Loan,25805.79,14085.11,0.0513,469.5,45,1,27934.43,0.5042
L000955,C000955,Personal Loan,12319.92,2570.75,0.1608,57.13,0,0,6000.34,0.4284
L000956,C000956,Credit Card,14963.06,12599.51,0.1527,188.05,15,1,25698.08,0.4903
L000957,C000957,Personal Loan,21808.29,8024.79,0.1688,297.21,30,1,105243.56,0.0762
L000958,C000958,Personal Loan,15066.72,13058.23,0.0454,192.03,0,0,39024.77,0.3346
L000959,C000959,Auto Finance,42843.12,26239.95,0.1765,380.29,0,1,237831.88,0.1103
L000960,C000960,Personal Loan,22507.21,10688.1,0.1122,281.27,0,0,213762.0,0.03
L000961,C000961,Personal Loan,25199.34,8243.28,0.0725,132.96,0,0,32625.07,0.2527
L000962,C000962,Credit Card,9893.24,6566.34,0.0821,142.75,0,1,52533.89,0.125
L000963,C000963,Credit Card,32721.76,28159.06,0.1562,402.27,30,1,62301.48,0.452
L000964,C000964,Credit Card,25270.39,16328.15,0.1231,709.92,0,0,26302.57,0.6208
L000965,C000965,Credit Card,8264.2,1255.09,0.1483,35.86,0,0,2696.19,0.4655
L000966,C000966,Personal Loan,16677.26,4675.5,0.1105,103.9,0,0,6670.82,0.7009
L000967,C000967,Personal Loan,44866.08,23107.96,0.0546,330.11,0,0,39477.84,0.5853
L000968,C000968,Auto Finance,39525.43,12995.59,0.1425,282.51,0,0,15177.37,0.8562
L000969,C000969,Credit Card,32505.22,13329.4,0.1189,302.94,0,0,31966.1,0.417
L000970,C000970,Auto Finance,43172.01,16192.8,0.079,299.87,0,0,120848.46,0.134
L000971,C000971,Auto Finance,44752.37,28416.84,0.1249,617.76,0,0,57030.51,0.4983
L000972,C000972,Credit Card,20262.76,12235.01,0.0841,174.79,0,0,26814.33,0.4563
L000973,C000973,Auto Finance,44094.48,35415.95,0.1073,843.24,0,0,57926.17,0.6114
L000974,C000974,Credit Card,3916.89,2672.03,0.1645,54.53,0,0,32796.76,0.0815
L000975,C000975,Auto Finance,40846.91,26636.69,0.0704,451.47,0,0,74930.8,0.3555
L000976,C000976,Credit Card,16111.69,7600.11,0.1543,131.04,0,0,26051.54,0.2917
L000977,C000977,Auto Finance,29528.77,10086.06,0.1067,168.1,45,1,16721.25,0.6032
L000978,C000978,Auto Finance,16386.15,5901.85,0.1524,122.96,15,1,9490.98,0.6218
L000979,C000979,Personal Loan,24599.53,4541.11,0.0889,108.12,0,0,43914.71,0.1034
L000980,C000980,Auto Finance,27309.24,15619.96,0.0824,624.8,120,8,21429.59,0.7289
L000981,C000981,Personal Loan,14926.96,8106.12,0.0704,139.76,30,1,12174.52,0.6658
L000982,C000982,Personal Loan,26237.74,15550.12,0.0737,777.51,0,0,44362.24,0.3505
L000983,C000983,Personal Loan,5157.84,938.76,0.1644,37.55,0,0,3059.52,0.3068
L000984,C000984,Auto Finance,40307.55,31620.22,0.0609,771.22,0,0,66449.08,0.4759
L000985,C000985,Personal Loan,42564.78,7575.06,0.1768,135.27,0,0,40471.22,0.1872
L000986,C000986,Auto Finance,42134.29,14029.67,0.1015,389.71,0,0,27232.91,0.5152
L000987,C000987,Personal Loan,5718.35,3260.38,0.142,66.54,0,0,7031.03,0.4637
L000988,C000988,Personal Loan,14110.59,2426.89,0.1377,35.17,0,0,3973.47,0.6108
L000989,C000989,Personal Loan,18493.71,5836.99,0.1548,92.65,15,1,60276.87,0.0968
L000990,C000990,Auto Finance,19283.14,13638.89,0.1704,235.15,0,0,272777.8,0.0454
L000991,C000991,Credit Card,25118.95,23764.6,0.0765,819.47,0,0,107336.9,0.2214
L000992,C000992,Auto Finance,37877.99,29261.28,0.1653,1625.63,0,0,68012.48,0.4302
L000993,C000993,Auto Finance,19618.03,14120.67,0.1297,282.41,0,0,40084.83,0.3523
L000994,C000994,Auto Finance,5319.29,880.11,0.1324,16.0,15,1,2000,0.4484
L000995,C000995,Personal Loan,12514.25,2273.44,0.0858,87.44,0,0,26627.41,0.0854
L000996,C000996,Auto Finance,35272.14,28362.43,0.116,914.92,120,2,48529.36,0.5844
L000997,C000997,Credit Card,41198.26,22719.79,0.1753,405.71,0,0,234215.79,0.097
L000998,C000998,Credit Card,25235.09,12526.88,0.1779,195.73,0,0,24745.82,0.5062
L000999,C000999,Credit Card,23580.95,4647.47,0.1652,185.9,0,0,17878.36,0.2599
L001000,C001000,Credit Card,37637.31,24206.62,0.1177,484.13,0,0,86550.85,0.2797
